timestamp_utc,label,gpu_power_w,gpu_util_pct,throughput_samples_per_s,perf_per_w,iterations,measurement_mode
2026-04-06T12:50:51Z,baseline,39.79,23,10.8988,0.273909,5,subprocess
2026-04-06T12:50:52Z,treatment,39.72,23,10.9769,0.276358,5,subprocess
2026-04-06T12:52:21Z,baseline,39.76,25,10.8238,0.272229,3,subprocess
2026-04-06T12:52:22Z,treatment,39.74,25,11.1898,0.281576,3,subprocess
2026-04-06T12:59:32Z,baseline,39.28,26,10.4757,0.266692,30,subprocess
2026-04-06T12:59:35Z,treatment,39.35,25,10.8328,0.275295,30,subprocess
2026-04-06T13:17:36Z,baseline,39.65,24,12.2943,0.310070,30,subprocess
2026-04-06T13:17:39Z,treatment,39.69,26,11.5111,0.290026,30,subprocess
2026-04-06T13:21:08Z,baseline,40.55,26,11.2337,0.277033,30,subprocess
2026-04-06T13:21:11Z,treatment,41.67,26,10.5957,0.254276,30,subprocess
2026-04-06T13:26:42Z,baseline,38.28,25,10.9803,0.286841,30,subprocess
2026-04-06T13:26:44Z,treatment,38.18,25,10.9429,0.286614,30,subprocess
2026-04-06T13:35:24Z,baseline,40.18,24,12.0426,0.299717,30,subprocess
2026-04-06T13:35:27Z,treatment,40.26,23,11.4844,0.285256,30,subprocess
2026-04-06T13:35:55Z,baseline,39.77,25,12.1908,0.306533,30,subprocess
2026-04-06T13:35:58Z,treatment,40.35,24,11.4898,0.284754,30,subprocess
2026-04-06T13:36:26Z,baseline,39.93,25,12.2841,0.307640,30,subprocess
2026-04-06T13:36:29Z,treatment,40.19,27,12.1005,0.301082,30,subprocess
2026-04-06T13:36:57Z,baseline,40.03,24,12.0412,0.300805,30,subprocess
2026-04-06T13:37:00Z,treatment,39.80,25,12.0596,0.303005,30,subprocess
2026-04-06T13:37:28Z,baseline,40.42,24,12.1518,0.300639,30,subprocess
2026-04-06T13:37:30Z,treatment,40.48,24,12.0931,0.298742,30,subprocess
2026-04-06T13:37:58Z,baseline,39.42,24,11.7139,0.297155,30,subprocess
2026-04-06T13:38:01Z,treatment,43.51,24,10.2803,0.236275,30,subprocess
2026-04-06T13:38:29Z,baseline,38.50,24,12.3882,0.321771,30,subprocess
2026-04-06T13:38:32Z,treatment,38.62,24,12.2251,0.316548,30,subprocess
2026-04-06T13:38:59Z,baseline,38.90,25,11.8083,0.303554,30,subprocess
2026-04-06T13:39:02Z,treatment,42.00,24,11.6807,0.278112,30,subprocess
2026-04-06T13:39:30Z,baseline,37.81,24,12.3194,0.325823,30,subprocess
2026-04-06T13:39:32Z,treatment,37.80,25,12.3218,0.325973,30,subprocess
2026-04-06T13:40:00Z,baseline,41.03,28,10.9497,0.266870,30,subprocess
2026-04-06T13:40:03Z,treatment,40.81,24,10.7164,0.262593,30,subprocess
2026-04-06T13:40:31Z,baseline,37.46,25,12.3755,0.330365,30,subprocess
2026-04-06T13:40:33Z,treatment,37.83,25,12.1350,0.320776,30,subprocess
2026-04-06T13:41:01Z,baseline,41.97,24,10.9325,0.260483,30,subprocess
2026-04-06T13:41:04Z,treatment,38.53,25,11.2886,0.292982,30,subprocess
2026-04-06T13:41:31Z,baseline,37.45,24,12.4597,0.332703,30,subprocess
2026-04-06T13:41:34Z,treatment,37.55,24,12.3878,0.329901,30,subprocess
2026-04-06T13:42:02Z,baseline,41.12,25,11.3984,0.277198,30,subprocess
2026-04-06T13:42:04Z,treatment,37.78,24,12.3390,0.326601,30,subprocess
2026-04-06T13:42:32Z,baseline,37.17,24,12.5647,0.338034,30,subprocess
2026-04-06T13:42:35Z,treatment,37.57,25,12.4068,0.330232,30,subprocess
2026-04-06T13:43:02Z,baseline,41.22,24,11.1503,0.270507,30,subprocess
2026-04-06T13:43:05Z,treatment,37.76,25,12.0994,0.320430,30,subprocess
2026-04-06T13:43:33Z,baseline,38.14,25,12.2307,0.320679,30,subprocess
2026-04-06T13:43:36Z,treatment,38.35,24,12.1179,0.315981,30,subprocess
2026-04-06T13:44:04Z,baseline,39.26,25,11.3528,0.289170,30,subprocess
2026-04-06T13:44:07Z,treatment,38.47,24,12.5576,0.326425,30,subprocess
2026-04-06T13:44:36Z,baseline,39.12,25,11.2120,0.286605,30,subprocess
2026-04-06T13:44:38Z,treatment,39.19,22,11.1212,0.283776,30,subprocess
2026-04-06T13:45:07Z,baseline,40.25,25,10.7808,0.267847,30,subprocess
2026-04-06T13:45:10Z,treatment,39.29,26,11.3083,0.287816,30,subprocess
2026-04-06T13:45:38Z,baseline,41.05,26,10.9244,0.266125,30,subprocess
2026-04-06T13:45:41Z,treatment,40.25,26,10.9026,0.270871,30,subprocess
2026-04-06T13:46:10Z,baseline,39.73,25,10.1285,0.254933,30,subprocess
2026-04-06T13:46:13Z,treatment,39.33,25,10.9929,0.279505,30,subprocess
2026-04-06T13:46:42Z,baseline,41.08,24,10.8152,0.263271,30,subprocess
2026-04-06T13:46:45Z,treatment,39.93,27,10.7463,0.269130,30,subprocess
2026-04-06T13:47:13Z,baseline,39.88,26,12.6620,0.317503,30,subprocess
2026-04-06T13:47:16Z,treatment,40.53,27,12.2951,0.303357,30,subprocess
2026-04-06T13:47:43Z,baseline,40.29,22,10.9490,0.271755,30,subprocess
2026-04-06T13:47:46Z,treatment,40.13,24,12.0259,0.299674,30,subprocess
2026-04-06T13:48:14Z,baseline,40.72,25,11.9752,0.294086,30,subprocess
2026-04-06T13:48:16Z,treatment,40.62,24,12.8904,0.317341,30,subprocess
2026-04-06T13:48:44Z,baseline,40.64,24,12.2558,0.301570,30,subprocess
2026-04-06T13:48:46Z,treatment,41.35,27,12.2280,0.295718,30,subprocess
2026-04-06T13:49:14Z,baseline,40.37,24,12.9358,0.320431,30,subprocess
2026-04-06T13:49:16Z,treatment,40.55,25,12.1084,0.298604,30,subprocess
2026-04-06T13:49:44Z,baseline,40.44,24,12.8144,0.316874,30,subprocess
2026-04-06T13:49:46Z,treatment,41.36,24,12.7346,0.307895,30,subprocess
2026-04-06T13:50:14Z,baseline,40.41,24,12.7334,0.315106,30,subprocess
2026-04-06T13:50:16Z,treatment,41.53,25,12.3070,0.296340,30,subprocess
2026-04-06T13:50:44Z,baseline,40.37,24,12.6780,0.314045,30,subprocess
2026-04-06T13:50:47Z,treatment,40.82,24,12.1980,0.298825,30,subprocess
2026-04-06T13:51:14Z,baseline,40.49,25,12.5593,0.310183,30,subprocess
2026-04-06T13:51:17Z,treatment,40.56,23,12.6135,0.310983,30,subprocess
2026-04-06T13:51:44Z,baseline,40.74,25,12.5679,0.308490,30,subprocess
2026-04-06T13:51:47Z,treatment,40.61,24,11.7818,0.290120,30,subprocess
2026-04-06T13:52:14Z,baseline,39.50,25,11.5859,0.293315,30,subprocess
2026-04-06T13:52:17Z,treatment,39.40,25,12.7908,0.324640,30,subprocess
2026-04-06T13:52:44Z,baseline,38.60,24,12.9501,0.335495,30,subprocess
2026-04-06T13:52:47Z,treatment,39.05,24,11.7542,0.301003,30,subprocess
2026-04-06T13:53:15Z,baseline,39.26,24,13.2244,0.336841,30,subprocess
2026-04-06T13:53:17Z,treatment,39.45,27,12.7448,0.323063,30,subprocess
2026-04-06T13:53:44Z,baseline,38.94,25,13.1442,0.337551,30,subprocess
2026-04-06T13:53:47Z,treatment,38.38,24,12.8386,0.334513,30,subprocess
2026-04-06T13:54:14Z,baseline,38.05,24,13.2257,0.347588,30,subprocess
2026-04-06T13:54:16Z,treatment,37.99,23,13.0904,0.344576,30,subprocess
2026-04-06T13:54:43Z,baseline,38.58,25,13.1243,0.340183,30,subprocess
2026-04-06T13:54:45Z,treatment,37.74,24,13.1854,0.349374,30,subprocess
2026-04-06T13:55:12Z,baseline,37.76,24,13.2415,0.350675,30,subprocess
2026-04-06T13:55:15Z,treatment,37.83,24,13.1513,0.347641,30,subprocess
2026-04-06T13:55:42Z,baseline,37.71,24,12.8529,0.340836,30,subprocess
2026-04-06T13:55:44Z,treatment,37.93,24,13.0853,0.344985,30,subprocess
2026-04-06T13:56:13Z,baseline,38.45,24,10.8764,0.282871,30,subprocess
2026-04-06T13:56:15Z,treatment,38.43,24,11.3699,0.295860,30,subprocess
2026-04-06T13:56:43Z,baseline,37.88,24,13.1295,0.346609,30,subprocess
2026-04-06T13:56:46Z,treatment,37.63,25,13.0909,0.347884,30,subprocess
2026-04-06T13:57:13Z,baseline,38.43,24,12.7854,0.332693,30,subprocess
2026-04-06T13:57:15Z,treatment,38.97,26,12.1566,0.311947,30,subprocess
2026-04-06T13:57:44Z,baseline,39.12,25,10.7314,0.274321,30,subprocess
2026-04-06T13:57:46Z,treatment,39.12,22,11.8197,0.302140,30,subprocess
2026-04-06T13:58:14Z,baseline,38.32,23,12.4473,0.324824,30,subprocess
2026-04-06T13:58:17Z,treatment,38.84,24,11.7599,0.302779,30,subprocess
2026-04-06T13:58:45Z,baseline,38.61,26,13.0982,0.339243,30,subprocess
2026-04-06T13:58:47Z,treatment,38.73,25,12.9673,0.334812,30,subprocess
2026-04-06T13:59:16Z,baseline,40.51,25,10.7911,0.266381,30,subprocess
2026-04-06T13:59:19Z,treatment,42.01,27,10.7976,0.257025,30,subprocess
2026-04-06T13:59:48Z,baseline,40.13,24,11.8786,0.296002,30,subprocess
2026-04-06T13:59:50Z,treatment,39.25,22,12.9446,0.329799,30,subprocess
2026-04-06T14:00:18Z,baseline,39.29,25,12.6222,0.321258,30,subprocess
2026-04-06T14:00:20Z,treatment,39.83,23,12.5862,0.315999,30,subprocess
2026-04-06T14:00:48Z,baseline,40.48,26,11.8803,0.293485,30,subprocess
2026-04-06T14:00:50Z,treatment,39.51,25,12.7748,0.323332,30,subprocess
2026-04-06T14:01:18Z,baseline,39.72,25,11.3069,0.284665,30,subprocess
2026-04-06T14:01:21Z,treatment,40.80,28,11.0445,0.270698,30,subprocess
2026-04-06T14:01:50Z,baseline,40.36,24,9.9427,0.246349,30,subprocess
2026-04-06T14:01:53Z,treatment,39.85,25,11.3128,0.283884,30,subprocess
2026-04-06T14:02:21Z,baseline,40.14,25,11.2377,0.279962,30,subprocess
2026-04-06T14:02:24Z,treatment,40.37,25,11.5421,0.285907,30,subprocess
2026-04-06T14:02:52Z,baseline,40.40,24,11.3671,0.281365,30,subprocess
2026-04-06T14:02:55Z,treatment,40.14,24,11.3073,0.281696,30,subprocess
2026-04-06T14:03:23Z,baseline,40.65,26,11.4130,0.280764,30,subprocess
2026-04-06T14:03:26Z,treatment,40.22,24,11.4308,0.284206,30,subprocess
2026-04-06T14:03:54Z,baseline,40.36,26,11.4510,0.283723,30,subprocess
2026-04-06T14:03:57Z,treatment,40.48,25,11.5197,0.284577,30,subprocess
2026-04-06T14:04:24Z,baseline,40.18,25,10.0582,0.250328,30,subprocess
2026-04-06T14:04:27Z,treatment,41.05,24,11.0540,0.269280,30,subprocess
2026-04-06T14:04:56Z,baseline,39.96,24,13.0235,0.325913,30,subprocess
2026-04-06T14:04:58Z,treatment,40.39,22,12.2502,0.303297,30,subprocess
2026-04-06T14:05:25Z,baseline,39.91,26,13.0823,0.327795,30,subprocess
2026-04-06T14:05:28Z,treatment,39.77,24,12.8103,0.322109,30,subprocess
2026-04-06T14:05:57Z,baseline,40.92,25,9.7854,0.239134,30,subprocess
2026-04-06T14:06:00Z,treatment,44.45,24,10.0628,0.226385,30,subprocess
2026-04-06T14:06:32Z,baseline,40.55,23,10.3046,0.254120,30,subprocess
2026-04-06T14:06:35Z,treatment,39.58,24,9.3982,0.237447,30,subprocess
2026-04-06T14:07:04Z,baseline,39.72,24,11.7912,0.296857,30,subprocess
2026-04-06T14:07:07Z,treatment,38.88,26,12.3418,0.317433,30,subprocess
2026-04-06T14:07:34Z,baseline,39.35,26,11.6925,0.297141,30,subprocess
2026-04-06T14:07:37Z,treatment,38.77,25,11.9258,0.307603,30,subprocess
2026-04-06T14:08:06Z,baseline,39.29,23,9.5909,0.244106,30,subprocess
2026-04-06T14:08:09Z,treatment,38.78,25,10.7270,0.276612,30,subprocess
2026-04-06T14:08:42Z,baseline,38.74,25,10.6220,0.274186,30,subprocess
2026-04-06T14:08:45Z,treatment,38.64,24,10.2885,0.266265,30,subprocess
2026-04-06T14:09:14Z,baseline,39.55,27,10.3837,0.262545,30,subprocess
2026-04-06T14:09:17Z,treatment,39.56,24,10.2980,0.260313,30,subprocess
2026-04-06T14:09:46Z,baseline,37.99,24,12.3678,0.325555,30,subprocess
2026-04-06T14:09:48Z,treatment,38.14,24,11.2548,0.295091,30,subprocess
2026-04-06T14:10:16Z,baseline,37.92,23,11.5559,0.304745,30,subprocess
2026-04-06T14:10:19Z,treatment,37.80,26,11.6524,0.308264,30,subprocess
2026-04-06T14:10:47Z,baseline,39.18,24,11.0656,0.282429,30,subprocess
2026-04-06T14:10:50Z,treatment,37.68,23,12.1438,0.322287,30,subprocess
2026-04-06T14:11:18Z,baseline,37.26,26,12.3423,0.331247,30,subprocess
2026-04-06T14:11:21Z,treatment,37.87,23,10.8327,0.286049,30,subprocess
2026-04-06T14:11:49Z,baseline,37.16,24,11.7427,0.316003,30,subprocess
2026-04-06T14:11:52Z,treatment,37.57,25,11.0629,0.294461,30,subprocess
2026-04-06T14:12:20Z,baseline,38.25,25,11.2850,0.295032,30,subprocess
2026-04-06T14:12:23Z,treatment,38.15,24,9.7238,0.254885,30,subprocess
2026-04-06T14:12:52Z,baseline,39.80,24,10.3847,0.260922,30,subprocess
2026-04-06T14:12:55Z,treatment,39.27,25,9.9963,0.254552,30,subprocess
2026-04-06T14:13:24Z,baseline,38.82,26,11.2339,0.289383,30,subprocess
2026-04-06T14:13:26Z,treatment,39.23,25,11.2401,0.286518,30,subprocess
2026-04-06T14:13:55Z,baseline,39.12,25,11.6985,0.299041,30,subprocess
2026-04-06T14:13:57Z,treatment,39.51,25,11.0870,0.280613,30,subprocess
2026-04-06T14:14:25Z,baseline,39.24,24,12.3493,0.314711,30,subprocess
2026-04-06T14:14:28Z,treatment,39.34,24,12.0431,0.306128,30,subprocess
2026-04-06T14:14:56Z,baseline,39.62,26,11.5524,0.291581,30,subprocess
2026-04-06T14:14:59Z,treatment,39.67,24,11.6502,0.293677,30,subprocess
2026-04-06T14:15:27Z,baseline,39.64,26,12.3106,0.310559,30,subprocess
2026-04-06T14:15:29Z,treatment,39.49,25,11.9361,0.302255,30,subprocess
2026-04-06T14:15:57Z,baseline,40.29,23,10.3177,0.256086,30,subprocess
2026-04-06T14:16:00Z,treatment,44.12,24,8.5401,0.193566,30,subprocess
2026-04-06T14:16:30Z,baseline,40.47,26,11.9255,0.294676,30,subprocess
2026-04-06T14:16:33Z,treatment,39.53,25,12.4456,0.314840,30,subprocess
2026-04-06T14:17:00Z,baseline,39.64,24,12.5179,0.315789,30,subprocess
2026-04-06T14:17:03Z,treatment,39.81,24,12.4285,0.312196,30,subprocess
2026-04-06T14:17:30Z,baseline,39.65,24,12.4045,0.312850,30,subprocess
2026-04-06T14:17:33Z,treatment,39.52,24,12.6214,0.319367,30,subprocess
2026-04-06T14:18:01Z,baseline,44.39,25,11.3333,0.255312,30,subprocess
2026-04-06T14:18:03Z,treatment,40.72,25,11.8446,0.290880,30,subprocess
2026-04-06T14:18:31Z,baseline,39.94,25,12.7987,0.320448,30,subprocess
2026-04-06T14:18:34Z,treatment,40.12,24,11.6134,0.289465,30,subprocess
2026-04-06T14:19:01Z,baseline,44.28,24,11.1883,0.252672,30,subprocess
2026-04-06T14:19:04Z,treatment,40.40,25,11.6273,0.287803,30,subprocess
2026-04-06T14:19:32Z,baseline,39.98,24,12.7219,0.318206,30,subprocess
2026-04-06T14:19:34Z,treatment,40.03,23,12.7170,0.317688,30,subprocess
2026-04-06T14:20:02Z,baseline,44.47,25,11.0650,0.248819,30,subprocess
2026-04-06T14:20:05Z,treatment,40.73,25,11.8132,0.290036,30,subprocess
2026-04-06T14:20:32Z,baseline,40.25,25,12.7305,0.316286,30,subprocess
2026-04-06T14:20:35Z,treatment,40.32,25,12.6620,0.314038,30,subprocess
2026-04-06T14:21:02Z,baseline,43.06,25,11.3378,0.263302,30,subprocess
2026-04-06T14:21:05Z,treatment,39.67,25,11.0776,0.279244,30,subprocess
2026-04-06T14:21:33Z,baseline,38.44,25,12.7509,0.331710,30,subprocess
2026-04-06T14:21:35Z,treatment,38.47,25,12.7950,0.332598,30,subprocess
2026-04-06T14:22:03Z,baseline,39.36,24,12.7360,0.323577,30,subprocess
2026-04-06T14:22:05Z,treatment,38.49,25,11.5343,0.299670,30,subprocess
2026-04-06T14:22:33Z,baseline,37.95,24,12.7430,0.335784,30,subprocess
2026-04-06T14:22:36Z,treatment,38.08,23,12.4939,0.328096,30,subprocess
2026-04-06T14:23:04Z,baseline,38.93,23,11.7109,0.300819,30,subprocess
2026-04-06T14:23:06Z,treatment,38.20,23,12.1377,0.317742,30,subprocess
2026-04-06T14:23:34Z,baseline,38.00,25,12.5194,0.329457,30,subprocess
2026-04-06T14:23:36Z,treatment,37.83,26,12.6699,0.334918,30,subprocess
2026-04-06T14:24:04Z,baseline,38.47,26,11.7555,0.305576,30,subprocess
2026-04-06T14:24:07Z,treatment,38.11,24,11.9237,0.312876,30,subprocess
2026-04-06T14:24:34Z,baseline,37.55,25,12.6931,0.338031,30,subprocess
2026-04-06T14:24:37Z,treatment,37.74,25,12.6342,0.334769,30,subprocess
2026-04-06T14:25:04Z,baseline,38.51,25,11.6313,0.302034,30,subprocess
2026-04-06T14:25:07Z,treatment,37.79,22,12.4754,0.330123,30,subprocess
2026-04-06T14:25:34Z,baseline,37.45,24,12.7403,0.340195,30,subprocess
2026-04-06T14:25:37Z,treatment,37.25,22,12.6817,0.340448,30,subprocess
2026-04-06T14:26:06Z,baseline,38.28,23,10.7785,0.281571,30,subprocess
2026-04-06T14:26:09Z,treatment,38.24,23,10.4375,0.272946,30,subprocess
2026-04-06T14:26:38Z,baseline,38.24,24,12.6404,0.330555,30,subprocess
2026-04-06T14:26:40Z,treatment,38.01,24,12.5119,0.329174,30,subprocess
2026-04-06T14:27:08Z,baseline,38.16,26,12.4966,0.327478,30,subprocess
2026-04-06T14:27:10Z,treatment,38.64,26,11.4381,0.296017,30,subprocess
2026-04-06T14:27:38Z,baseline,38.74,22,12.4366,0.321028,30,subprocess
2026-04-06T14:27:41Z,treatment,38.53,24,12.2345,0.317532,30,subprocess
2026-04-06T14:28:09Z,baseline,38.93,25,12.5737,0.322981,30,subprocess
2026-04-06T14:28:11Z,treatment,39.12,25,12.5582,0.321018,30,subprocess
2026-04-06T14:28:39Z,baseline,41.67,29,11.2390,0.269714,30,subprocess
2026-04-06T14:28:41Z,treatment,43.44,27,10.9604,0.252311,30,subprocess
2026-04-06T14:29:10Z,baseline,40.44,25,10.9297,0.270270,30,subprocess
2026-04-06T14:29:13Z,treatment,40.49,25,11.1054,0.274274,30,subprocess
2026-04-06T14:29:41Z,baseline,40.57,24,11.3737,0.280349,30,subprocess
2026-04-06T14:29:44Z,treatment,40.53,27,12.1755,0.300408,30,subprocess
2026-04-06T14:30:12Z,baseline,40.32,26,12.4360,0.308432,30,subprocess
2026-04-06T14:30:15Z,treatment,41.37,26,11.0536,0.267190,30,subprocess
2026-04-06T14:30:43Z,baseline,41.53,25,11.6801,0.281246,30,subprocess
2026-04-06T14:30:45Z,treatment,42.38,28,10.6592,0.251515,30,subprocess
2026-04-06T14:31:15Z,baseline,42.74,25,10.2640,0.240149,30,subprocess
2026-04-06T14:31:18Z,treatment,42.50,26,10.2636,0.241497,30,subprocess
2026-04-06T14:31:48Z,baseline,42.58,27,10.5010,0.246618,30,subprocess
2026-04-06T14:31:51Z,treatment,42.30,27,10.7629,0.254442,30,subprocess
2026-04-06T14:32:20Z,baseline,43.82,26,10.3622,0.236471,30,subprocess
2026-04-06T14:32:23Z,treatment,44.15,27,10.3075,0.233465,30,subprocess
2026-04-06T14:32:52Z,baseline,42.60,27,10.6844,0.250808,30,subprocess
2026-04-06T14:32:55Z,treatment,43.07,27,10.3256,0.239740,30,subprocess
2026-04-06T14:33:24Z,baseline,42.63,25,10.5149,0.246654,30,subprocess
2026-04-06T14:33:27Z,treatment,42.10,26,10.6226,0.252319,30,subprocess
2026-04-06T14:33:56Z,baseline,41.53,27,10.7099,0.257883,30,subprocess
2026-04-06T14:33:59Z,treatment,41.94,25,10.1105,0.241070,30,subprocess
2026-04-06T14:34:28Z,baseline,41.18,27,10.5381,0.255903,30,subprocess
2026-04-06T14:34:31Z,treatment,41.25,26,10.7189,0.259852,30,subprocess
2026-04-06T14:35:00Z,baseline,40.68,25,10.6483,0.261757,30,subprocess
2026-04-06T14:35:03Z,treatment,40.68,25,10.6918,0.262828,30,subprocess
2026-04-06T14:35:32Z,baseline,40.65,26,10.6816,0.262770,30,subprocess
2026-04-06T14:35:35Z,treatment,40.60,23,10.7200,0.264040,30,subprocess
2026-04-06T14:36:05Z,baseline,41.22,26,9.1915,0.222987,30,subprocess
2026-04-06T14:36:09Z,treatment,40.82,26,9.9698,0.244239,30,subprocess
2026-04-06T14:36:38Z,baseline,40.18,27,10.7204,0.266809,30,subprocess
2026-04-06T14:36:41Z,treatment,40.38,26,10.4219,0.258096,30,subprocess
2026-04-06T14:37:10Z,baseline,40.16,27,10.5346,0.262317,30,subprocess
2026-04-06T14:37:13Z,treatment,40.40,25,10.6472,0.263545,30,subprocess
2026-04-06T14:37:42Z,baseline,40.54,26,10.0766,0.248559,30,subprocess
2026-04-06T14:37:45Z,treatment,40.34,26,10.5068,0.260456,30,subprocess
2026-04-06T14:38:14Z,baseline,40.22,26,10.5234,0.261646,30,subprocess
2026-04-06T14:38:17Z,treatment,40.39,25,10.4546,0.258842,30,subprocess
2026-04-06T14:38:46Z,baseline,40.08,26,10.6597,0.265961,30,subprocess
2026-04-06T14:38:49Z,treatment,39.96,27,10.6363,0.266173,30,subprocess
2026-04-06T14:39:18Z,baseline,40.37,27,10.7107,0.265314,30,subprocess
2026-04-06T14:39:21Z,treatment,40.06,25,10.6222,0.265157,30,subprocess
2026-04-06T14:39:50Z,baseline,40.34,26,10.6988,0.265216,30,subprocess
2026-04-06T14:39:53Z,treatment,40.49,26,10.6687,0.263489,30,subprocess
2026-04-06T14:40:22Z,baseline,40.93,25,10.6504,0.260211,30,subprocess
2026-04-06T14:40:25Z,treatment,41.05,28,10.7148,0.261019,30,subprocess
2026-04-06T14:40:54Z,baseline,41.06,25,10.7078,0.260785,30,subprocess
2026-04-06T14:40:57Z,treatment,41.69,28,10.3627,0.248566,30,subprocess
2026-04-06T14:41:26Z,baseline,41.29,23,10.6193,0.257188,30,subprocess
2026-04-06T14:41:29Z,treatment,41.41,24,10.6114,0.256252,30,subprocess
2026-04-06T14:41:58Z,baseline,41.62,25,10.3103,0.247724,30,subprocess
2026-04-06T14:42:01Z,treatment,44.56,26,10.3285,0.231790,30,subprocess
2026-04-06T14:42:30Z,baseline,41.78,27,10.6860,0.255767,30,subprocess
2026-04-06T14:42:33Z,treatment,41.72,27,10.5444,0.252742,30,subprocess
2026-04-06T14:43:03Z,baseline,43.10,27,10.2879,0.238698,30,subprocess
2026-04-06T14:43:06Z,treatment,42.10,26,10.6999,0.254154,30,subprocess
2026-04-06T14:43:35Z,baseline,42.64,27,10.3794,0.243418,30,subprocess
2026-04-06T14:43:38Z,treatment,42.23,25,10.5194,0.249099,30,subprocess
2026-04-06T14:44:07Z,baseline,42.47,26,10.2595,0.241570,30,subprocess
2026-04-06T14:44:10Z,treatment,42.39,25,10.6197,0.250524,30,subprocess
2026-04-06T14:44:39Z,baseline,42.39,26,10.6955,0.252311,30,subprocess
2026-04-06T14:44:42Z,treatment,42.67,26,10.6584,0.249787,30,subprocess
2026-04-06T14:45:10Z,baseline,42.90,31,11.0388,0.257315,30,subprocess
2026-04-06T14:45:13Z,treatment,41.48,26,8.1096,0.195506,30,subprocess
2026-04-06T14:45:42Z,baseline,40.99,25,11.5186,0.281010,30,subprocess
2026-04-06T14:45:45Z,treatment,41.33,28,11.7645,0.284649,30,subprocess
2026-04-06T14:46:14Z,baseline,41.74,26,9.9257,0.237798,30,subprocess
2026-04-06T14:46:17Z,treatment,40.75,27,11.2789,0.276783,30,subprocess
2026-04-06T14:46:45Z,baseline,40.31,23,11.1121,0.275665,30,subprocess
2026-04-06T14:46:48Z,treatment,39.47,29,12.5088,0.316920,30,subprocess
2026-04-06T14:47:16Z,baseline,40.04,26,10.5855,0.264372,30,subprocess
2026-04-06T14:47:19Z,treatment,40.06,27,9.6266,0.240304,30,subprocess
2026-04-06T14:47:48Z,baseline,39.35,25,11.2456,0.285785,30,subprocess
2026-04-06T14:47:51Z,treatment,39.50,22,11.4298,0.289362,30,subprocess
2026-04-06T14:48:19Z,baseline,39.37,27,10.7669,0.273481,30,subprocess
2026-04-06T14:48:22Z,treatment,39.75,25,11.2519,0.283066,30,subprocess
2026-04-06T14:48:50Z,baseline,39.15,26,12.0744,0.308414,30,subprocess
2026-04-06T14:48:53Z,treatment,39.08,24,11.1714,0.285860,30,subprocess
2026-04-06T14:49:22Z,baseline,38.76,27,12.3538,0.318725,30,subprocess
2026-04-06T14:49:25Z,treatment,38.98,27,11.3458,0.291066,30,subprocess
2026-04-06T14:49:53Z,baseline,38.80,27,11.6919,0.301337,30,subprocess
2026-04-06T14:49:55Z,treatment,38.95,24,10.8120,0.277586,30,subprocess
2026-04-06T14:50:20Z,baseline,39.45,27,8.9394,0.226600,3,subprocess
2026-04-06T14:50:21Z,treatment,39.99,28,10.8330,0.270894,3,subprocess
2026-04-06T14:50:24Z,baseline,38.72,25,11.4648,0.296095,30,subprocess
2026-04-06T14:50:27Z,treatment,38.78,26,12.0070,0.309618,30,subprocess
2026-04-06T14:50:55Z,baseline,38.53,25,12.1559,0.315492,30,subprocess
2026-04-06T14:50:57Z,treatment,38.23,22,12.0438,0.315035,30,subprocess
2026-04-06T14:51:25Z,baseline,38.44,26,11.8746,0.308913,30,subprocess
2026-04-06T14:51:28Z,treatment,38.06,24,12.4699,0.327639,30,subprocess
2026-04-06T14:51:55Z,baseline,38.78,27,11.7755,0.303649,30,subprocess
2026-04-06T14:51:58Z,treatment,38.56,25,12.3401,0.320024,30,subprocess
2026-04-06T14:52:25Z,baseline,38.41,26,12.5496,0.326726,30,subprocess
2026-04-06T14:52:28Z,treatment,38.70,25,12.3554,0.319261,30,subprocess
2026-04-06T14:52:56Z,baseline,39.01,25,12.2758,0.314682,30,subprocess
2026-04-06T14:52:58Z,treatment,38.98,27,12.3516,0.316870,30,subprocess
2026-04-06T14:53:26Z,baseline,39.09,26,12.4641,0.318857,30,subprocess
2026-04-06T14:53:29Z,treatment,39.04,25,12.4307,0.318409,30,subprocess
2026-04-06T14:53:56Z,baseline,39.30,26,12.5399,0.319081,30,subprocess
2026-04-06T14:53:59Z,treatment,39.43,25,12.3782,0.313927,30,subprocess
2026-04-06T14:54:26Z,baseline,39.22,24,12.4664,0.317858,30,subprocess
2026-04-06T14:54:29Z,treatment,39.47,26,12.4556,0.315571,30,subprocess
2026-04-06T14:54:56Z,baseline,39.67,27,12.4888,0.314817,30,subprocess
2026-04-06T14:54:59Z,treatment,39.80,25,12.1279,0.304722,30,subprocess
2026-04-06T14:55:27Z,baseline,39.97,28,12.1824,0.304788,30,subprocess
2026-04-06T14:55:29Z,treatment,39.94,25,12.2873,0.307645,30,subprocess
2026-04-06T14:55:57Z,baseline,40.28,26,12.4777,0.309773,30,subprocess
2026-04-06T14:56:00Z,treatment,45.02,30,10.6763,0.237145,30,subprocess
2026-04-06T14:56:29Z,baseline,41.62,25,11.2529,0.270372,30,subprocess
2026-04-06T14:56:31Z,treatment,40.29,25,12.6117,0.313023,30,subprocess
2026-04-06T14:56:59Z,baseline,40.25,26,12.3243,0.306193,30,subprocess
2026-04-06T14:57:01Z,treatment,40.44,24,12.3458,0.305287,30,subprocess
2026-04-06T14:57:29Z,baseline,40.24,25,12.3480,0.306860,30,subprocess
2026-04-06T14:57:32Z,treatment,40.89,26,11.5158,0.281629,30,subprocess
2026-04-06T14:58:00Z,baseline,46.17,31,10.6202,0.230024,30,subprocess
2026-04-06T14:58:03Z,treatment,42.55,24,11.6882,0.274694,30,subprocess
2026-04-06T14:58:31Z,baseline,40.42,25,12.5185,0.309711,30,subprocess
2026-04-06T14:58:33Z,treatment,40.29,26,12.5280,0.310945,30,subprocess
2026-04-06T14:59:01Z,baseline,46.08,26,11.1426,0.241811,30,subprocess
2026-04-06T14:59:04Z,treatment,41.78,25,12.3834,0.296397,30,subprocess
2026-04-06T14:59:31Z,baseline,40.65,25,12.5378,0.308433,30,subprocess
2026-04-06T14:59:34Z,treatment,40.56,26,12.2862,0.302913,30,subprocess
2026-04-06T15:00:01Z,baseline,42.67,26,10.2275,0.239688,30,subprocess
2026-04-06T15:00:04Z,treatment,40.54,26,12.2219,0.301478,30,subprocess
2026-04-06T15:00:32Z,baseline,39.38,27,12.3782,0.314327,30,subprocess
2026-04-06T15:00:35Z,treatment,39.34,26,12.4258,0.315856,30,subprocess
2026-04-06T15:01:03Z,baseline,40.84,24,12.0108,0.294095,30,subprocess
2026-04-06T15:01:06Z,treatment,39.20,25,11.1765,0.285115,30,subprocess
2026-04-06T15:01:33Z,baseline,38.87,26,12.3071,0.316623,30,subprocess
2026-04-06T15:01:36Z,treatment,38.71,23,12.3639,0.319398,30,subprocess
2026-04-06T15:02:05Z,baseline,39.05,24,11.7533,0.300980,30,subprocess
2026-04-06T15:02:07Z,treatment,38.51,26,11.4986,0.298587,30,subprocess
2026-04-06T15:02:35Z,baseline,38.51,26,12.0790,0.313660,30,subprocess
2026-04-06T15:02:38Z,treatment,38.51,26,12.2427,0.317910,30,subprocess
2026-04-06T15:03:06Z,baseline,38.39,27,12.4927,0.325415,30,subprocess
2026-04-06T15:03:09Z,treatment,38.58,27,11.7066,0.303438,30,subprocess
2026-04-06T15:03:37Z,baseline,38.33,26,12.4521,0.324866,30,subprocess
2026-04-06T15:03:40Z,treatment,38.51,25,12.0160,0.312022,30,subprocess
2026-04-06T15:04:07Z,baseline,38.41,25,12.4306,0.323629,30,subprocess
2026-04-06T15:04:10Z,treatment,38.21,25,12.3642,0.323585,30,subprocess
2026-04-06T15:04:37Z,baseline,38.07,25,12.4542,0.327139,30,subprocess
2026-04-06T15:04:40Z,treatment,38.13,24,12.3872,0.324866,30,subprocess
2026-04-06T15:05:09Z,baseline,38.60,26,10.7142,0.277569,30,subprocess
2026-04-06T15:05:12Z,treatment,38.54,25,10.7221,0.278208,30,subprocess
2026-04-06T15:05:40Z,baseline,38.16,26,12.3901,0.324688,30,subprocess
2026-04-06T15:05:42Z,treatment,38.37,26,12.4458,0.324363,30,subprocess
2026-04-06T15:06:12Z,baseline,39.44,26,9.6278,0.244113,30,subprocess
2026-04-06T15:06:15Z,treatment,39.54,25,10.4740,0.264895,30,subprocess
2026-04-06T15:06:44Z,baseline,39.11,24,11.8129,0.302044,30,subprocess
2026-04-06T15:06:46Z,treatment,39.31,28,12.0407,0.306301,30,subprocess
2026-04-06T15:07:15Z,baseline,40.98,26,10.9168,0.266394,30,subprocess
2026-04-06T15:07:18Z,treatment,39.44,26,11.7177,0.297101,30,subprocess
2026-04-06T15:07:46Z,baseline,39.75,27,11.8504,0.298124,30,subprocess
2026-04-06T15:07:49Z,treatment,39.78,27,11.8223,0.297192,30,subprocess
2026-04-06T15:08:17Z,baseline,39.63,23,12.2537,0.309202,30,subprocess
2026-04-06T15:08:19Z,treatment,40.18,26,11.6192,0.289178,30,subprocess
2026-04-06T15:08:48Z,baseline,41.09,27,10.2428,0.249277,30,subprocess
2026-04-06T15:08:52Z,treatment,40.56,25,10.5135,0.259208,30,subprocess
2026-04-06T15:09:20Z,baseline,40.37,24,10.4646,0.259218,30,subprocess
2026-04-06T15:09:23Z,treatment,40.19,26,11.9039,0.296190,30,subprocess
2026-04-06T15:09:51Z,baseline,40.65,23,10.9084,0.268351,30,subprocess
2026-04-06T15:09:54Z,treatment,40.17,25,12.1052,0.301349,30,subprocess
2026-04-06T15:10:21Z,baseline,40.33,26,12.4191,0.307937,30,subprocess
2026-04-06T15:10:24Z,treatment,40.50,25,12.2507,0.302488,30,subprocess
2026-04-06T15:10:52Z,baseline,40.18,26,12.4443,0.309714,30,subprocess
2026-04-06T15:10:54Z,treatment,40.35,22,12.3074,0.305016,30,subprocess
2026-04-06T15:11:22Z,baseline,40.37,27,12.3571,0.306097,30,subprocess
2026-04-06T15:11:25Z,treatment,40.41,27,12.3504,0.305628,30,subprocess
2026-04-06T15:11:52Z,baseline,40.31,26,12.3540,0.306474,30,subprocess
2026-04-06T15:11:55Z,treatment,40.61,24,12.1631,0.299509,30,subprocess
2026-04-06T15:12:22Z,baseline,40.50,29,12.3335,0.304532,30,subprocess
2026-04-06T15:12:25Z,treatment,40.61,25,12.2642,0.302000,30,subprocess
2026-04-06T15:12:52Z,baseline,40.67,25,12.2968,0.302355,30,subprocess
2026-04-06T15:12:55Z,treatment,40.59,27,12.3662,0.304661,30,subprocess
2026-04-06T15:13:23Z,baseline,41.00,24,12.3807,0.301969,30,subprocess
2026-04-06T15:13:25Z,treatment,40.59,26,12.4063,0.305648,30,subprocess
2026-04-06T15:13:53Z,baseline,39.83,25,12.3691,0.310548,30,subprocess
2026-04-06T15:13:55Z,treatment,39.95,24,12.3108,0.308156,30,subprocess
2026-04-06T15:14:23Z,baseline,39.18,25,12.1417,0.309895,30,subprocess
2026-04-06T15:14:26Z,treatment,39.25,26,12.3355,0.314280,30,subprocess
2026-04-06T15:14:53Z,baseline,38.75,26,12.3978,0.319944,30,subprocess
2026-04-06T15:14:56Z,treatment,39.28,26,11.5049,0.292894,30,subprocess
2026-04-06T15:15:24Z,baseline,39.13,23,11.7434,0.300112,30,subprocess
2026-04-06T15:15:27Z,treatment,39.26,24,11.1335,0.283584,30,subprocess
2026-04-06T15:15:55Z,baseline,38.06,26,11.8974,0.312595,30,subprocess
2026-04-06T15:15:57Z,treatment,38.44,26,9.4649,0.246226,30,subprocess
2026-04-06T15:16:27Z,baseline,38.88,26,9.8223,0.252631,30,subprocess
2026-04-06T15:16:30Z,treatment,39.28,24,9.6885,0.246653,30,subprocess
2026-04-06T15:16:59Z,baseline,37.72,25,11.5555,0.306350,30,subprocess
2026-04-06T15:17:01Z,treatment,37.96,22,10.9821,0.289306,30,subprocess
2026-04-06T15:17:29Z,baseline,37.59,24,12.3188,0.327715,30,subprocess
2026-04-06T15:17:32Z,treatment,37.50,23,11.9376,0.318337,30,subprocess
2026-04-06T15:18:00Z,baseline,38.73,29,11.2301,0.289958,30,subprocess
2026-04-06T15:18:03Z,treatment,40.87,23,11.7638,0.287835,30,subprocess
2026-04-06T15:18:30Z,baseline,37.31,24,12.6191,0.338224,30,subprocess
2026-04-06T15:18:33Z,treatment,37.50,24,12.4578,0.332207,30,subprocess
2026-04-06T15:19:01Z,baseline,41.62,28,11.5318,0.277073,30,subprocess
2026-04-06T15:19:03Z,treatment,38.31,25,12.4751,0.325635,30,subprocess
2026-04-06T15:19:31Z,baseline,37.68,26,12.3805,0.328570,30,subprocess
2026-04-06T15:19:33Z,treatment,37.86,25,12.4193,0.328033,30,subprocess
2026-04-06T15:20:01Z,baseline,43.13,29,10.1492,0.235317,30,subprocess
2026-04-06T15:20:04Z,treatment,38.70,25,12.1484,0.313911,30,subprocess
2026-04-06T15:20:32Z,baseline,38.25,25,12.4598,0.325746,30,subprocess
2026-04-06T15:20:34Z,treatment,38.36,24,12.4316,0.324077,30,subprocess
2026-04-06T15:21:02Z,baseline,41.83,24,10.7985,0.258153,30,subprocess
2026-04-06T15:21:05Z,treatment,39.71,24,10.6031,0.267014,30,subprocess
2026-04-06T15:21:33Z,baseline,38.70,24,12.8009,0.330773,30,subprocess
2026-04-06T15:21:36Z,treatment,39.12,22,11.2495,0.287563,30,subprocess
2026-04-06T15:22:04Z,baseline,39.66,24,12.4403,0.313675,30,subprocess
2026-04-06T15:22:06Z,treatment,38.99,25,11.4269,0.293072,30,subprocess
2026-04-06T15:22:34Z,baseline,38.84,24,12.6123,0.324725,30,subprocess
2026-04-06T15:22:36Z,treatment,39.29,24,11.4166,0.290572,30,subprocess
2026-04-06T15:23:05Z,baseline,39.63,23,12.4173,0.313332,30,subprocess
2026-04-06T15:23:07Z,treatment,39.37,25,12.2085,0.310097,30,subprocess
2026-04-06T15:23:35Z,baseline,39.73,24,11.5520,0.290763,30,subprocess
2026-04-06T15:23:38Z,treatment,39.61,23,12.5459,0.316736,30,subprocess
2026-04-06T15:24:06Z,baseline,40.72,25,10.7150,0.263140,30,subprocess
2026-04-06T15:24:09Z,treatment,39.64,26,11.8439,0.298787,30,subprocess
2026-04-06T15:24:37Z,baseline,39.80,24,11.1901,0.281159,30,subprocess
2026-04-06T15:24:40Z,treatment,39.83,23,12.3979,0.311272,30,subprocess
2026-04-06T15:25:09Z,baseline,41.34,24,8.7874,0.212564,30,subprocess
2026-04-06T15:25:13Z,treatment,41.18,24,10.3087,0.250334,30,subprocess
2026-04-06T15:25:41Z,baseline,40.84,25,10.6643,0.261123,30,subprocess
2026-04-06T15:25:44Z,treatment,41.67,27,9.9383,0.238499,30,subprocess
2026-04-06T15:26:15Z,baseline,40.34,25,7.5808,0.187922,30,subprocess
2026-04-06T15:26:19Z,treatment,40.79,23,10.3777,0.254419,30,subprocess
2026-04-06T15:26:48Z,baseline,41.10,23,11.0476,0.268799,30,subprocess
2026-04-06T15:26:51Z,treatment,41.05,27,10.1823,0.248046,30,subprocess
2026-04-06T15:27:20Z,baseline,41.79,25,9.2480,0.221298,30,subprocess
2026-04-06T15:27:23Z,treatment,41.55,24,10.5978,0.255062,30,subprocess
2026-04-06T15:27:52Z,baseline,41.28,23,10.2296,0.247810,30,subprocess
2026-04-06T15:27:55Z,treatment,41.65,25,10.6243,0.255084,30,subprocess
2026-04-06T15:28:24Z,baseline,41.35,24,10.9077,0.263790,30,subprocess
2026-04-06T15:28:27Z,treatment,41.32,24,10.9843,0.265836,30,subprocess
2026-04-06T15:28:56Z,baseline,41.49,25,10.6747,0.257283,30,subprocess
2026-04-06T15:28:59Z,treatment,41.17,23,10.3181,0.250621,30,subprocess
2026-04-06T15:29:28Z,baseline,39.97,24,11.1240,0.278308,30,subprocess
2026-04-06T15:29:30Z,treatment,40.22,25,11.2723,0.280267,30,subprocess
2026-04-06T15:29:59Z,baseline,39.77,22,10.9118,0.274372,30,subprocess
2026-04-06T15:30:02Z,treatment,43.18,22,10.7366,0.248647,30,subprocess
2026-04-06T15:30:31Z,baseline,39.49,26,11.1166,0.281503,30,subprocess
2026-04-06T15:30:33Z,treatment,39.45,24,10.9961,0.278736,30,subprocess
2026-04-06T15:31:02Z,baseline,42.03,24,10.6447,0.253263,30,subprocess
2026-04-06T15:31:05Z,treatment,39.56,23,10.8613,0.274554,30,subprocess
2026-04-06T15:31:33Z,baseline,38.49,28,12.8093,0.332796,30,subprocess
2026-04-06T15:31:35Z,treatment,39.01,25,11.9591,0.306564,30,subprocess
2026-04-06T15:32:03Z,baseline,40.40,25,12.6338,0.312717,30,subprocess
2026-04-06T15:32:06Z,treatment,39.08,24,11.5633,0.295888,30,subprocess
2026-04-06T15:32:34Z,baseline,38.52,23,12.6711,0.328947,30,subprocess
2026-04-06T15:32:36Z,treatment,38.94,24,11.3507,0.291492,30,subprocess
2026-04-06T15:33:05Z,baseline,38.89,24,12.8370,0.330086,30,subprocess
2026-04-06T15:33:07Z,treatment,38.38,25,11.8879,0.309742,30,subprocess
2026-04-06T15:33:35Z,baseline,42.15,23,10.6098,0.251716,30,subprocess
2026-04-06T15:33:38Z,treatment,40.57,27,10.6912,0.263525,30,subprocess
2026-04-06T15:34:06Z,baseline,38.86,26,11.8090,0.303886,30,subprocess
2026-04-06T15:34:09Z,treatment,38.37,23,11.9753,0.312100,30,subprocess
2026-04-06T15:34:37Z,baseline,39.53,26,9.4019,0.237841,30,subprocess
2026-04-06T15:34:41Z,treatment,39.01,25,11.1147,0.284920,30,subprocess
2026-04-06T15:35:09Z,baseline,39.76,25,10.6912,0.268893,30,subprocess
2026-04-06T15:35:12Z,treatment,40.19,26,10.8104,0.268983,30,subprocess
2026-04-06T15:35:41Z,baseline,40.72,25,10.6212,0.260835,30,subprocess
2026-04-06T15:35:44Z,treatment,40.06,23,10.4248,0.260230,30,subprocess
2026-04-06T15:36:13Z,baseline,40.10,24,8.1499,0.203241,30,subprocess
2026-04-06T15:36:17Z,treatment,40.71,25,8.8271,0.216828,30,subprocess
2026-04-06T15:36:47Z,baseline,40.20,24,10.1022,0.251298,30,subprocess
2026-04-06T15:36:50Z,treatment,40.42,24,10.5364,0.260673,30,subprocess
2026-04-06T15:37:20Z,baseline,40.37,23,10.6007,0.262589,30,subprocess
2026-04-06T15:37:23Z,treatment,40.97,25,10.0760,0.245935,30,subprocess
2026-04-06T15:38:40Z,baseline,40.94,24,10.4101,0.254276,30,subprocess
2026-04-06T15:38:43Z,treatment,40.88,23,10.6598,0.260759,30,subprocess
2026-04-06T15:39:12Z,baseline,40.69,26,10.9324,0.268675,30,subprocess
2026-04-06T15:39:15Z,treatment,40.67,25,10.9399,0.268993,30,subprocess
2026-04-06T15:39:44Z,baseline,41.24,24,10.7899,0.261637,30,subprocess
2026-04-06T15:39:47Z,treatment,41.01,25,10.4153,0.253970,30,subprocess
2026-04-06T15:40:17Z,baseline,41.18,26,10.2660,0.249296,30,subprocess
2026-04-06T15:40:20Z,treatment,41.85,25,10.2052,0.243853,30,subprocess
2026-04-06T15:40:49Z,baseline,41.14,24,11.0201,0.267869,30,subprocess
2026-04-06T15:40:52Z,treatment,41.05,24,10.8736,0.264886,30,subprocess
2026-04-06T15:41:20Z,baseline,41.33,24,10.8151,0.261676,30,subprocess
2026-04-06T15:41:23Z,treatment,41.11,23,10.8512,0.263956,30,subprocess
2026-04-06T15:41:52Z,baseline,41.16,22,11.0019,0.267296,30,subprocess
2026-04-06T15:41:55Z,treatment,41.57,24,10.9373,0.263105,30,subprocess
2026-04-06T15:42:24Z,baseline,41.39,24,10.8399,0.261895,30,subprocess
2026-04-06T15:42:27Z,treatment,41.27,24,11.0118,0.266824,30,subprocess
2026-04-06T15:42:55Z,baseline,41.32,24,10.7317,0.259722,30,subprocess
2026-04-06T15:42:58Z,treatment,41.60,26,10.5296,0.253115,30,subprocess
2026-04-06T15:43:27Z,baseline,40.37,26,10.8118,0.267817,30,subprocess
2026-04-06T15:43:30Z,treatment,40.71,24,10.2883,0.252722,30,subprocess
2026-04-06T15:43:59Z,baseline,40.60,24,10.4933,0.258457,30,subprocess
2026-04-06T15:44:02Z,treatment,42.06,24,10.7327,0.255175,30,subprocess
2026-04-06T15:44:31Z,baseline,39.47,24,10.3673,0.262664,30,subprocess
2026-04-06T15:44:34Z,treatment,39.61,24,10.7063,0.270293,30,subprocess
2026-04-06T15:45:03Z,baseline,39.23,24,10.8056,0.275443,30,subprocess
2026-04-06T15:45:06Z,treatment,38.96,26,10.7228,0.275227,30,subprocess
2026-04-06T15:45:35Z,baseline,39.00,24,10.4554,0.268086,30,subprocess
2026-04-06T15:45:38Z,treatment,38.98,26,11.1997,0.287318,30,subprocess
2026-04-06T15:46:07Z,baseline,38.93,24,10.8427,0.278517,30,subprocess
2026-04-06T15:46:10Z,treatment,38.32,24,11.7114,0.305621,30,subprocess
2026-04-06T15:46:38Z,baseline,38.46,24,11.9539,0.310813,30,subprocess
2026-04-06T15:46:40Z,treatment,38.52,23,11.8019,0.306384,30,subprocess
2026-04-06T15:47:08Z,baseline,38.76,23,11.5641,0.298352,30,subprocess
2026-04-06T15:47:11Z,treatment,38.00,27,11.1564,0.293588,30,subprocess
2026-04-06T15:47:40Z,baseline,38.08,24,10.9305,0.287041,30,subprocess
2026-04-06T15:47:43Z,treatment,38.47,25,11.1836,0.290710,30,subprocess
2026-04-06T15:48:12Z,baseline,38.42,24,10.5784,0.275336,30,subprocess
2026-04-06T15:48:15Z,treatment,39.12,24,9.4694,0.242061,30,subprocess
2026-04-06T15:48:45Z,baseline,39.00,24,9.5127,0.243916,30,subprocess
2026-04-06T15:48:48Z,treatment,38.22,24,10.7303,0.280752,30,subprocess
2026-04-06T15:49:17Z,baseline,38.88,25,9.5486,0.245592,30,subprocess
2026-04-06T15:49:20Z,treatment,38.82,24,10.7779,0.277637,30,subprocess
2026-04-06T15:49:50Z,baseline,39.31,25,10.2777,0.261454,30,subprocess
2026-04-06T15:49:53Z,treatment,39.38,26,10.7326,0.272540,30,subprocess
2026-04-06T15:50:22Z,baseline,39.15,24,10.7990,0.275836,30,subprocess
2026-04-06T15:50:25Z,treatment,39.25,26,10.3489,0.263666,30,subprocess
2026-04-06T15:50:54Z,baseline,39.99,26,10.6050,0.265190,30,subprocess
2026-04-06T15:50:57Z,treatment,40.02,23,10.6566,0.266281,30,subprocess
2026-04-06T15:51:26Z,baseline,39.72,25,10.3778,0.261273,30,subprocess
2026-04-06T15:51:29Z,treatment,39.84,24,9.7878,0.245679,30,subprocess
2026-04-06T15:51:58Z,baseline,39.67,22,10.8846,0.274379,30,subprocess
2026-04-06T15:52:01Z,treatment,43.14,23,9.3733,0.217276,30,subprocess
2026-04-06T15:52:30Z,baseline,39.79,23,10.9664,0.275607,30,subprocess
2026-04-06T15:52:33Z,treatment,39.59,24,10.9695,0.277078,30,subprocess
2026-04-06T15:53:02Z,baseline,41.15,23,10.7642,0.261584,30,subprocess
2026-04-06T15:53:05Z,treatment,40.25,26,10.9065,0.270970,30,subprocess
2026-04-06T15:53:34Z,baseline,40.43,23,10.3704,0.256503,30,subprocess
2026-04-06T15:53:37Z,treatment,40.49,24,10.8992,0.269184,30,subprocess
2026-04-06T15:54:06Z,baseline,39.82,24,9.5815,0.240621,30,subprocess
2026-04-06T15:54:09Z,treatment,40.33,24,11.7305,0.290864,30,subprocess
2026-04-06T15:54:37Z,baseline,39.97,25,11.9741,0.299578,30,subprocess
2026-04-06T15:54:40Z,treatment,39.93,25,12.0792,0.302510,30,subprocess
2026-04-06T15:55:07Z,baseline,39.66,25,12.4898,0.314921,30,subprocess
2026-04-06T15:55:10Z,treatment,40.24,25,12.1462,0.301844,30,subprocess
2026-04-06T15:55:38Z,baseline,40.79,24,10.4257,0.255596,30,subprocess
2026-04-06T15:55:41Z,treatment,40.56,25,10.8233,0.266847,30,subprocess
2026-04-06T15:56:10Z,baseline,41.17,24,10.3339,0.251005,30,subprocess
2026-04-06T15:56:13Z,treatment,41.93,26,9.0847,0.216663,30,subprocess
2026-04-06T15:56:43Z,baseline,41.48,25,10.6909,0.257736,30,subprocess
2026-04-06T15:56:46Z,treatment,41.38,24,10.0504,0.242880,30,subprocess
2026-04-06T15:57:16Z,baseline,40.90,25,10.8350,0.264914,30,subprocess
2026-04-06T15:57:18Z,treatment,41.05,24,10.5176,0.256214,30,subprocess
2026-04-06T15:57:48Z,baseline,40.39,26,10.6290,0.263160,30,subprocess
2026-04-06T15:57:51Z,treatment,40.47,25,10.6986,0.264359,30,subprocess
2026-04-06T15:58:20Z,baseline,39.54,25,10.6212,0.268619,30,subprocess
2026-04-06T15:58:23Z,treatment,39.33,23,10.8770,0.276557,30,subprocess
2026-04-06T15:58:52Z,baseline,39.88,26,9.9863,0.250409,30,subprocess
2026-04-06T15:58:55Z,treatment,42.48,23,10.8233,0.254786,30,subprocess
2026-04-06T15:59:24Z,baseline,39.22,25,10.7526,0.274162,30,subprocess
2026-04-06T15:59:27Z,treatment,39.12,23,10.7967,0.275988,30,subprocess
2026-04-06T15:59:56Z,baseline,38.82,24,10.1264,0.260856,30,subprocess
2026-04-06T15:59:59Z,treatment,38.66,24,10.5197,0.272109,30,subprocess
2026-04-06T16:00:28Z,baseline,38.20,24,10.9698,0.287167,30,subprocess
2026-04-06T16:00:31Z,treatment,38.42,24,10.9749,0.285655,30,subprocess
2026-04-06T16:01:00Z,baseline,42.70,25,10.1166,0.236923,30,subprocess
2026-04-06T16:01:03Z,treatment,39.22,25,10.3155,0.263017,30,subprocess
2026-04-06T16:01:32Z,baseline,38.59,24,10.8203,0.280391,30,subprocess
2026-04-06T16:01:35Z,treatment,38.26,24,10.8591,0.283825,30,subprocess
2026-04-06T16:02:04Z,baseline,38.86,25,10.9396,0.281513,30,subprocess
2026-04-06T16:02:06Z,treatment,38.47,24,10.8256,0.281404,30,subprocess
2026-04-06T16:02:35Z,baseline,38.19,25,10.9159,0.285832,30,subprocess
2026-04-06T16:02:38Z,treatment,38.33,26,10.8479,0.283014,30,subprocess
2026-04-06T16:03:07Z,baseline,37.90,24,11.0219,0.290815,30,subprocess
2026-04-06T16:03:10Z,treatment,37.88,24,11.0544,0.291828,30,subprocess
2026-04-06T16:03:38Z,baseline,38.33,24,10.7436,0.280293,30,subprocess
2026-04-06T16:03:41Z,treatment,38.44,24,10.9338,0.284439,30,subprocess
2026-04-06T16:04:09Z,baseline,38.29,24,10.9941,0.287126,30,subprocess
2026-04-06T16:04:12Z,treatment,38.48,27,11.8991,0.309229,30,subprocess
2026-04-06T16:04:40Z,baseline,39.00,28,11.4936,0.294708,30,subprocess
2026-04-06T16:04:43Z,treatment,38.33,24,11.9191,0.310959,30,subprocess
2026-04-06T16:05:12Z,baseline,39.62,23,10.3451,0.261108,30,subprocess
2026-04-06T16:05:15Z,treatment,39.73,25,10.4572,0.263208,30,subprocess
2026-04-06T16:05:44Z,baseline,39.75,25,10.4837,0.263742,30,subprocess
2026-04-06T16:05:47Z,treatment,39.62,24,10.9562,0.276533,30,subprocess
2026-04-06T16:06:16Z,baseline,41.06,25,10.0488,0.244736,30,subprocess
2026-04-06T16:06:19Z,treatment,40.94,24,9.4492,0.230805,30,subprocess
2026-04-06T16:06:48Z,baseline,40.60,25,10.5719,0.260392,30,subprocess
2026-04-06T16:06:51Z,treatment,39.99,25,10.7354,0.268453,30,subprocess
2026-04-06T16:07:20Z,baseline,39.55,23,11.7205,0.296346,30,subprocess
2026-04-06T16:07:23Z,treatment,39.34,23,12.1553,0.308981,30,subprocess
2026-04-06T16:07:51Z,baseline,39.41,25,12.2061,0.309721,30,subprocess
2026-04-06T16:07:54Z,treatment,39.60,26,11.9431,0.301593,30,subprocess
2026-04-06T16:08:21Z,baseline,39.51,24,12.3955,0.313732,30,subprocess
2026-04-06T16:08:24Z,treatment,39.68,24,12.2605,0.308983,30,subprocess
2026-04-06T16:08:52Z,baseline,39.61,24,12.3745,0.312408,30,subprocess
2026-04-06T16:08:54Z,treatment,39.61,24,12.1654,0.307129,30,subprocess
2026-04-06T16:09:22Z,baseline,39.20,26,12.4353,0.317228,30,subprocess
2026-04-06T16:09:24Z,treatment,39.91,24,12.0171,0.301104,30,subprocess
2026-04-06T16:09:52Z,baseline,39.54,24,11.8156,0.298826,30,subprocess
2026-04-06T16:09:55Z,treatment,39.64,24,11.6916,0.294945,30,subprocess
2026-04-06T16:10:22Z,baseline,39.70,24,12.3726,0.311653,30,subprocess
2026-04-06T16:10:25Z,treatment,39.79,26,12.1653,0.305737,30,subprocess
2026-04-06T16:10:53Z,baseline,40.07,26,11.6022,0.289549,30,subprocess
2026-04-06T16:10:56Z,treatment,40.03,25,11.4994,0.287270,30,subprocess
2026-04-06T16:11:23Z,baseline,40.32,25,11.3648,0.281865,30,subprocess
2026-04-06T16:11:26Z,treatment,40.04,24,12.0398,0.300694,30,subprocess
2026-04-06T16:11:55Z,baseline,42.14,26,10.3609,0.245869,30,subprocess
2026-04-06T16:11:58Z,treatment,42.22,24,10.4126,0.246627,30,subprocess
2026-04-06T16:12:26Z,baseline,40.61,26,12.0037,0.295586,30,subprocess
2026-04-06T16:12:28Z,treatment,40.95,26,11.8004,0.288166,30,subprocess
2026-04-06T16:12:57Z,baseline,39.54,25,12.0588,0.304977,30,subprocess
2026-04-06T16:13:00Z,treatment,44.05,28,10.4024,0.236151,30,subprocess
2026-04-06T16:13:28Z,baseline,39.44,24,11.5884,0.293822,30,subprocess
2026-04-06T16:13:31Z,treatment,39.38,26,11.1699,0.283644,30,subprocess
2026-04-06T16:13:59Z,baseline,39.73,26,10.8329,0.272663,30,subprocess
2026-04-06T16:14:02Z,treatment,42.35,26,11.6299,0.274614,30,subprocess
2026-04-06T16:14:30Z,baseline,38.99,28,11.9198,0.305714,30,subprocess
2026-04-06T16:14:33Z,treatment,38.68,27,12.1392,0.313836,30,subprocess
2026-04-06T16:15:01Z,baseline,38.95,28,11.7258,0.301047,30,subprocess
2026-04-06T16:15:04Z,treatment,39.08,26,11.4738,0.293597,30,subprocess
2026-04-06T16:15:32Z,baseline,38.79,25,11.7961,0.304102,30,subprocess
2026-04-06T16:15:35Z,treatment,38.72,24,12.1602,0.314055,30,subprocess
2026-04-06T16:16:03Z,baseline,40.49,26,10.0661,0.248608,30,subprocess
2026-04-06T16:16:06Z,treatment,39.86,26,10.2763,0.257810,30,subprocess
2026-04-06T16:16:34Z,baseline,39.34,26,11.0063,0.279773,30,subprocess
2026-04-06T16:16:37Z,treatment,38.86,25,10.6167,0.273204,30,subprocess
2026-04-06T16:17:06Z,baseline,38.62,26,11.1555,0.288854,30,subprocess
2026-04-06T16:17:09Z,treatment,38.80,23,11.2464,0.289856,30,subprocess
2026-04-06T16:17:37Z,baseline,38.36,25,11.5339,0.300674,30,subprocess
2026-04-06T16:17:40Z,treatment,39.08,26,11.0550,0.282881,30,subprocess
2026-04-06T16:18:09Z,baseline,43.92,31,9.7308,0.221556,30,subprocess
2026-04-06T16:18:13Z,treatment,43.92,30,8.9047,0.202749,30,subprocess
2026-04-06T16:18:43Z,baseline,43.99,31,10.1026,0.229656,30,subprocess
2026-04-06T16:18:46Z,treatment,44.54,30,9.3172,0.209188,30,subprocess
2026-04-06T16:19:17Z,baseline,45.40,33,7.6879,0.169337,30,subprocess
2026-04-06T16:19:21Z,treatment,45.21,30,9.2025,0.203549,30,subprocess
2026-04-06T16:19:53Z,baseline,40.28,26,10.7301,0.266389,30,subprocess
2026-04-06T16:19:56Z,treatment,40.33,26,10.5170,0.260774,30,subprocess
2026-04-06T16:20:25Z,baseline,40.75,28,10.4042,0.255317,30,subprocess
2026-04-06T16:20:28Z,treatment,40.47,25,10.5946,0.261790,30,subprocess
2026-04-06T16:20:57Z,baseline,40.16,27,11.9749,0.298180,30,subprocess
2026-04-06T16:20:59Z,treatment,44.97,31,10.0109,0.222613,30,subprocess
2026-04-06T16:21:28Z,baseline,40.43,27,11.6850,0.289017,30,subprocess
2026-04-06T16:21:30Z,treatment,40.18,25,11.8693,0.295404,30,subprocess
2026-04-06T16:21:58Z,baseline,40.21,27,11.9917,0.298227,30,subprocess
2026-04-06T16:22:01Z,treatment,43.72,26,10.6410,0.243390,30,subprocess
2026-04-06T16:22:29Z,baseline,40.09,26,12.3440,0.307908,30,subprocess
2026-04-06T16:22:32Z,treatment,41.15,24,11.5527,0.280745,30,subprocess
2026-04-06T16:23:01Z,baseline,44.84,25,9.6348,0.214871,30,subprocess
2026-04-06T16:23:04Z,treatment,41.97,24,10.0718,0.239976,30,subprocess
2026-04-06T16:23:33Z,baseline,43.72,29,10.2971,0.235525,30,subprocess
2026-04-06T16:23:36Z,treatment,43.64,29,10.2276,0.234363,30,subprocess
2026-04-06T16:24:06Z,baseline,41.44,26,10.7053,0.258333,30,subprocess
2026-04-06T16:24:09Z,treatment,41.74,27,10.7654,0.257917,30,subprocess
2026-04-06T16:24:38Z,baseline,41.54,27,10.6776,0.257044,30,subprocess
2026-04-06T16:24:41Z,treatment,41.40,25,10.7776,0.260328,30,subprocess
2026-04-06T16:25:10Z,baseline,41.14,26,11.8973,0.289190,30,subprocess
2026-04-06T16:25:13Z,treatment,41.40,26,11.4878,0.277483,30,subprocess
2026-04-06T16:25:41Z,baseline,40.61,27,11.7274,0.288781,30,subprocess
2026-04-06T16:25:44Z,treatment,40.31,27,11.6257,0.288407,30,subprocess
2026-04-06T16:26:13Z,baseline,39.71,28,11.3682,0.286282,30,subprocess
2026-04-06T16:26:15Z,treatment,39.33,26,12.4276,0.315982,30,subprocess
2026-04-06T16:26:43Z,baseline,38.80,26,12.4486,0.320840,30,subprocess
2026-04-06T16:26:45Z,treatment,38.94,27,12.1661,0.312431,30,subprocess
2026-04-06T16:27:13Z,baseline,39.54,26,10.7548,0.271997,30,subprocess
2026-04-06T16:27:16Z,treatment,39.49,25,9.7904,0.247921,30,subprocess
2026-04-06T16:27:46Z,baseline,39.27,26,9.7094,0.247248,30,subprocess
2026-04-06T16:27:49Z,treatment,38.95,26,10.9652,0.281520,30,subprocess
2026-04-06T16:28:18Z,baseline,38.87,25,10.9280,0.281143,30,subprocess
2026-04-06T16:28:21Z,treatment,39.04,25,11.2375,0.287845,30,subprocess
2026-04-06T16:28:49Z,baseline,38.89,25,10.7130,0.275469,30,subprocess
2026-04-06T16:28:52Z,treatment,39.22,26,11.0116,0.280766,30,subprocess
2026-04-06T16:29:21Z,baseline,39.03,26,11.1122,0.284708,30,subprocess
2026-04-06T16:29:24Z,treatment,39.21,24,10.9369,0.278932,30,subprocess
2026-04-06T16:29:53Z,baseline,38.85,25,11.0658,0.284833,30,subprocess
2026-04-06T16:29:56Z,treatment,38.70,26,10.8774,0.281069,30,subprocess
2026-04-06T16:30:24Z,baseline,38.73,25,10.9757,0.283389,30,subprocess
2026-04-06T16:30:27Z,treatment,38.77,25,11.0937,0.286140,30,subprocess
2026-04-06T16:30:56Z,baseline,38.54,26,10.9373,0.283792,30,subprocess
2026-04-06T16:30:59Z,treatment,38.68,25,10.9297,0.282566,30,subprocess
2026-04-06T16:31:27Z,baseline,39.13,24,11.0476,0.282331,30,subprocess
2026-04-06T16:31:30Z,treatment,38.95,26,11.2736,0.289438,30,subprocess
2026-04-06T16:31:58Z,baseline,39.09,24,10.8087,0.276509,30,subprocess
2026-04-06T16:32:01Z,treatment,42.34,24,10.4927,0.247820,30,subprocess
2026-04-06T16:32:30Z,baseline,39.32,26,11.1163,0.282713,30,subprocess
2026-04-06T16:32:33Z,treatment,39.72,23,11.1319,0.280259,30,subprocess
2026-04-06T16:33:02Z,baseline,43.14,25,10.8631,0.251810,30,subprocess
2026-04-06T16:33:05Z,treatment,39.94,27,10.7282,0.268607,30,subprocess
2026-04-06T16:33:33Z,baseline,39.95,25,11.0217,0.275888,30,subprocess
2026-04-06T16:33:36Z,treatment,40.08,26,11.1042,0.277051,30,subprocess
2026-04-06T16:34:05Z,baseline,40.89,26,11.0969,0.271383,30,subprocess
2026-04-06T16:34:07Z,treatment,40.42,25,11.0464,0.273290,30,subprocess
2026-04-06T16:34:36Z,baseline,40.39,24,11.0618,0.273875,30,subprocess
2026-04-06T16:34:39Z,treatment,40.44,25,11.0956,0.274372,30,subprocess
2026-04-06T16:35:07Z,baseline,40.45,25,11.0876,0.274107,30,subprocess
2026-04-06T16:35:10Z,treatment,40.51,27,11.1108,0.274274,30,subprocess
2026-04-06T16:35:39Z,baseline,40.63,26,11.1512,0.274458,30,subprocess
2026-04-06T16:35:42Z,treatment,40.48,25,11.0998,0.274205,30,subprocess
2026-04-06T16:36:10Z,baseline,41.01,25,10.7863,0.263017,30,subprocess
2026-04-06T16:36:13Z,treatment,40.87,25,10.9147,0.267059,30,subprocess
2026-04-06T16:36:42Z,baseline,40.85,28,11.2350,0.275031,30,subprocess
2026-04-06T16:36:45Z,treatment,40.68,25,11.1747,0.274698,30,subprocess
2026-04-06T16:37:13Z,baseline,40.90,25,10.9237,0.267083,30,subprocess
2026-04-06T16:37:16Z,treatment,40.90,25,10.6426,0.260210,30,subprocess
2026-04-06T16:37:45Z,baseline,41.10,24,10.9476,0.266364,30,subprocess
2026-04-06T16:37:48Z,treatment,41.20,26,10.4557,0.253779,30,subprocess
2026-04-06T16:38:17Z,baseline,41.11,25,10.8057,0.262848,30,subprocess
2026-04-06T16:38:20Z,treatment,41.26,27,11.1426,0.270058,30,subprocess
2026-04-06T16:38:48Z,baseline,41.21,27,10.9840,0.266537,30,subprocess
2026-04-06T16:38:51Z,treatment,41.26,24,11.2734,0.273227,30,subprocess
2026-04-06T16:39:19Z,baseline,41.17,26,11.2015,0.272080,30,subprocess
2026-04-06T16:39:22Z,treatment,41.38,25,11.2322,0.271440,30,subprocess
2026-04-06T16:39:51Z,baseline,40.64,25,11.1384,0.274075,30,subprocess
2026-04-06T16:39:54Z,treatment,40.87,24,11.1772,0.273482,30,subprocess
2026-04-06T16:40:22Z,baseline,39.68,24,11.0521,0.278530,30,subprocess
2026-04-06T16:40:25Z,treatment,39.72,27,11.1841,0.281573,30,subprocess
2026-04-06T16:40:53Z,baseline,39.37,26,11.1048,0.282061,30,subprocess
2026-04-06T16:40:56Z,treatment,39.49,26,11.1172,0.281519,30,subprocess
2026-04-06T16:41:25Z,baseline,39.20,24,11.0796,0.282643,30,subprocess
2026-04-06T16:41:28Z,treatment,39.16,25,11.1903,0.285759,30,subprocess
2026-04-06T16:41:56Z,baseline,39.26,25,11.1519,0.284053,30,subprocess
2026-04-06T16:41:59Z,treatment,38.86,25,11.1154,0.286036,30,subprocess
2026-04-06T16:42:27Z,baseline,38.81,27,10.9911,0.283204,30,subprocess
2026-04-06T16:42:30Z,treatment,38.66,24,11.2164,0.290128,30,subprocess
2026-04-06T16:42:59Z,baseline,39.16,28,10.7702,0.275031,30,subprocess
2026-04-06T16:43:02Z,treatment,41.77,25,10.9263,0.261583,30,subprocess
2026-04-06T16:43:30Z,baseline,38.47,27,11.2356,0.292062,30,subprocess
2026-04-06T16:43:33Z,treatment,38.49,25,11.1264,0.289071,30,subprocess
2026-04-06T16:44:02Z,baseline,41.62,26,10.5841,0.254303,30,subprocess
2026-04-06T16:44:05Z,treatment,39.11,26,11.1897,0.286109,30,subprocess
2026-04-06T16:44:33Z,baseline,38.78,26,10.9757,0.283026,30,subprocess
2026-04-06T16:44:36Z,treatment,38.72,26,11.3310,0.292640,30,subprocess
2026-04-06T16:45:04Z,baseline,38.68,25,11.1224,0.287548,30,subprocess
2026-04-06T16:45:07Z,treatment,38.71,26,10.9765,0.283556,30,subprocess
2026-04-06T16:45:36Z,baseline,38.92,28,11.2167,0.288198,30,subprocess
2026-04-06T16:45:39Z,treatment,39.16,25,11.1857,0.285641,30,subprocess
2026-04-06T16:46:08Z,baseline,39.46,25,10.8514,0.274998,30,subprocess
2026-04-06T16:46:11Z,treatment,39.53,25,10.5552,0.267018,30,subprocess
2026-04-06T16:46:40Z,baseline,39.67,26,11.1706,0.281587,30,subprocess
2026-04-06T16:46:42Z,treatment,39.66,26,11.1342,0.280741,30,subprocess
2026-04-06T16:47:11Z,baseline,40.18,26,10.9223,0.271835,30,subprocess
2026-04-06T16:47:14Z,treatment,39.83,27,11.0965,0.278597,30,subprocess
2026-04-06T16:47:42Z,baseline,40.33,26,10.6157,0.263221,30,subprocess
2026-04-06T16:47:45Z,treatment,40.23,26,11.1231,0.276487,30,subprocess
2026-04-06T16:48:14Z,baseline,40.34,24,11.0917,0.274954,30,subprocess
2026-04-06T16:48:17Z,treatment,40.31,26,11.1176,0.275803,30,subprocess
2026-04-06T16:48:45Z,baseline,40.48,27,11.0120,0.272035,30,subprocess
2026-04-06T16:48:48Z,treatment,40.55,27,11.1793,0.275692,30,subprocess
2026-04-06T16:49:17Z,baseline,40.90,25,10.7884,0.263774,30,subprocess
2026-04-06T16:49:20Z,treatment,40.76,26,11.2604,0.276262,30,subprocess
2026-04-06T16:49:48Z,baseline,40.65,25,12.7224,0.312975,30,subprocess
2026-04-06T16:49:51Z,treatment,41.21,25,12.1691,0.295295,30,subprocess
2026-04-06T16:50:18Z,baseline,40.15,25,12.8574,0.320233,30,subprocess
2026-04-06T16:50:21Z,treatment,40.65,25,12.6432,0.311025,30,subprocess
2026-04-06T16:50:49Z,baseline,42.16,26,11.0451,0.261980,30,subprocess
2026-04-06T16:50:52Z,treatment,41.97,26,11.0187,0.262538,30,subprocess
2026-04-06T16:51:21Z,baseline,41.20,25,10.9003,0.264570,30,subprocess
2026-04-06T16:51:24Z,treatment,43.32,24,11.1665,0.257767,30,subprocess
2026-04-06T16:51:52Z,baseline,40.99,27,12.7462,0.310959,30,subprocess
2026-04-06T16:51:55Z,treatment,40.90,26,11.5231,0.281738,30,subprocess
2026-04-06T16:52:23Z,baseline,41.66,30,11.8346,0.284075,30,subprocess
2026-04-06T16:52:26Z,treatment,41.41,26,12.3711,0.298746,30,subprocess
2026-04-06T16:52:53Z,baseline,43.15,27,11.4171,0.264590,30,subprocess
2026-04-06T16:52:56Z,treatment,41.83,28,11.2945,0.270009,30,subprocess
2026-04-06T16:53:26Z,baseline,42.04,28,11.3855,0.270824,30,subprocess
2026-04-06T16:53:28Z,treatment,40.50,26,12.3986,0.306139,30,subprocess
2026-04-06T16:53:56Z,baseline,39.82,24,12.2447,0.307500,30,subprocess
2026-04-06T16:53:59Z,treatment,39.55,25,12.2444,0.309592,30,subprocess
2026-04-06T16:54:27Z,baseline,39.05,25,11.3568,0.290827,30,subprocess
2026-04-06T16:54:30Z,treatment,39.37,25,11.6072,0.294823,30,subprocess
2026-04-06T16:54:58Z,baseline,39.41,25,11.9898,0.304232,30,subprocess
2026-04-06T16:55:01Z,treatment,39.97,29,11.6201,0.290722,30,subprocess
2026-04-06T16:55:29Z,baseline,38.56,26,12.5833,0.326330,30,subprocess
2026-04-06T16:55:31Z,treatment,38.78,25,12.6613,0.326491,30,subprocess
2026-04-06T16:55:59Z,baseline,38.59,25,12.7874,0.331365,30,subprocess
2026-04-06T16:56:01Z,treatment,42.20,24,9.8344,0.233042,30,subprocess
2026-04-06T16:56:31Z,baseline,39.78,31,10.0490,0.252614,30,subprocess
2026-04-06T16:56:34Z,treatment,38.70,25,11.9274,0.308201,30,subprocess
2026-04-06T16:57:02Z,baseline,38.47,27,12.6707,0.329366,30,subprocess
2026-04-06T16:57:04Z,treatment,38.55,23,12.4243,0.322289,30,subprocess
2026-04-06T16:57:32Z,baseline,38.73,26,12.5530,0.324116,30,subprocess
2026-04-06T16:57:35Z,treatment,38.82,27,12.6163,0.324994,30,subprocess
2026-04-06T16:58:03Z,baseline,39.26,25,12.4832,0.317963,30,subprocess
2026-04-06T16:58:05Z,treatment,38.67,27,12.3058,0.318226,30,subprocess
2026-04-06T16:58:33Z,baseline,38.31,26,12.3951,0.323547,30,subprocess
2026-04-06T16:58:35Z,treatment,38.24,26,12.7934,0.334555,30,subprocess
2026-04-06T16:59:03Z,baseline,41.85,27,12.7002,0.303470,30,subprocess
2026-04-06T16:59:05Z,treatment,39.03,25,12.5638,0.321900,30,subprocess
2026-04-06T16:59:33Z,baseline,39.20,25,12.3098,0.314025,30,subprocess
2026-04-06T16:59:35Z,treatment,39.00,26,12.6293,0.323828,30,subprocess
2026-04-06T17:00:04Z,baseline,41.30,25,12.6567,0.306457,30,subprocess
2026-04-06T17:00:06Z,treatment,39.53,27,12.3677,0.312868,30,subprocess
2026-04-06T17:00:33Z,baseline,39.57,26,12.5382,0.316861,30,subprocess
2026-04-06T17:00:36Z,treatment,39.93,27,12.5459,0.314198,30,subprocess
2026-04-06T17:01:04Z,baseline,40.77,27,12.0275,0.295008,30,subprocess
2026-04-06T17:01:07Z,treatment,40.22,26,11.9336,0.296707,30,subprocess
2026-04-06T17:01:34Z,baseline,39.98,25,11.8935,0.297486,30,subprocess
2026-04-06T17:01:37Z,treatment,40.10,27,11.8616,0.295799,30,subprocess
2026-04-06T17:02:05Z,baseline,40.43,26,11.8631,0.293424,30,subprocess
2026-04-06T17:02:08Z,treatment,40.37,27,12.6934,0.314426,30,subprocess
2026-04-06T17:02:35Z,baseline,40.19,24,12.3686,0.307753,30,subprocess
2026-04-06T17:02:38Z,treatment,40.15,26,12.7649,0.317930,30,subprocess
2026-04-06T17:03:05Z,baseline,40.24,25,12.8047,0.318208,30,subprocess
2026-04-06T17:03:08Z,treatment,40.14,26,12.6102,0.314157,30,subprocess
2026-04-06T17:03:35Z,baseline,40.51,26,12.8463,0.317115,30,subprocess
2026-04-06T17:03:38Z,treatment,40.29,27,12.7508,0.316476,30,subprocess
2026-04-06T17:04:06Z,baseline,41.10,25,12.2166,0.297240,30,subprocess
2026-04-06T17:04:09Z,treatment,40.94,25,11.9906,0.292883,30,subprocess
2026-04-06T17:04:36Z,baseline,40.67,25,12.7827,0.314303,30,subprocess
2026-04-06T17:04:39Z,treatment,40.83,26,12.6099,0.308840,30,subprocess
2026-04-06T17:05:07Z,baseline,41.38,25,10.9158,0.263793,30,subprocess
2026-04-06T17:05:10Z,treatment,41.64,26,10.9498,0.262963,30,subprocess
2026-04-06T17:05:39Z,baseline,41.21,24,11.0381,0.267850,30,subprocess
2026-04-06T17:05:42Z,treatment,41.48,25,11.0792,0.267098,30,subprocess
2026-04-06T17:06:11Z,baseline,40.43,23,10.8447,0.268233,30,subprocess
2026-04-06T17:06:14Z,treatment,40.42,22,11.1916,0.276883,30,subprocess
2026-04-06T17:06:42Z,baseline,40.89,23,11.1367,0.272358,30,subprocess
2026-04-06T17:06:45Z,treatment,40.32,23,11.0681,0.274506,30,subprocess
2026-04-06T17:07:14Z,baseline,39.13,25,12.7421,0.325635,30,subprocess
2026-04-06T17:07:16Z,treatment,38.80,24,12.2592,0.315959,30,subprocess
2026-04-06T17:07:44Z,baseline,38.18,25,12.6508,0.331347,30,subprocess
2026-04-06T17:07:46Z,treatment,38.09,23,12.6767,0.332810,30,subprocess
2026-04-06T17:08:13Z,baseline,37.96,25,13.1220,0.345679,30,subprocess
2026-04-06T17:08:16Z,treatment,38.19,24,12.9964,0.340310,30,subprocess
2026-04-06T17:08:43Z,baseline,37.83,23,13.1858,0.348553,30,subprocess
2026-04-06T17:08:45Z,treatment,37.82,23,13.1131,0.346723,30,subprocess
2026-04-06T17:09:13Z,baseline,37.85,25,12.4359,0.328556,30,subprocess
2026-04-06T17:09:15Z,treatment,37.89,24,12.9690,0.342279,30,subprocess
2026-04-06T17:09:42Z,baseline,37.80,27,12.9415,0.342368,30,subprocess
2026-04-06T17:09:45Z,treatment,37.74,24,12.9587,0.343367,30,subprocess
2026-04-06T17:10:12Z,baseline,37.46,24,13.0695,0.348891,30,subprocess
2026-04-06T17:10:14Z,treatment,37.66,24,12.4122,0.329585,30,subprocess
2026-04-06T17:10:41Z,baseline,37.47,24,12.9380,0.345291,30,subprocess
2026-04-06T17:10:44Z,treatment,37.39,24,13.1502,0.351704,30,subprocess
2026-04-06T17:11:11Z,baseline,37.49,23,12.5187,0.333921,30,subprocess
2026-04-06T17:11:14Z,treatment,37.72,25,12.9672,0.343776,30,subprocess
2026-04-06T17:11:41Z,baseline,37.17,25,13.0120,0.350068,30,subprocess
2026-04-06T17:11:43Z,treatment,37.09,24,13.1988,0.355858,30,subprocess
2026-04-06T17:12:11Z,baseline,37.56,23,13.1552,0.350244,30,subprocess
2026-04-06T17:12:13Z,treatment,37.84,25,12.7582,0.337163,30,subprocess
2026-04-06T17:12:40Z,baseline,37.92,24,12.9893,0.342545,30,subprocess
2026-04-06T17:12:43Z,treatment,38.51,24,12.6638,0.328845,30,subprocess
2026-04-06T17:13:10Z,baseline,38.12,25,13.0127,0.341362,30,subprocess
2026-04-06T17:13:12Z,treatment,38.17,23,13.1256,0.343871,30,subprocess
2026-04-06T17:13:40Z,baseline,38.48,28,13.1282,0.341170,30,subprocess
2026-04-06T17:13:42Z,treatment,38.53,26,13.0612,0.338987,30,subprocess
2026-04-06T17:14:09Z,baseline,39.12,28,13.0549,0.333715,30,subprocess
2026-04-06T17:14:12Z,treatment,38.96,25,13.0720,0.335525,30,subprocess
2026-04-06T17:14:39Z,baseline,38.98,23,13.1114,0.336362,30,subprocess
2026-04-06T17:14:41Z,treatment,38.90,23,13.2178,0.339790,30,subprocess
2026-04-06T17:15:08Z,baseline,39.09,24,13.0068,0.332740,30,subprocess
2026-04-06T17:15:11Z,treatment,39.04,25,13.0507,0.334290,30,subprocess
2026-04-06T17:15:38Z,baseline,39.37,25,13.1475,0.333948,30,subprocess
2026-04-06T17:15:40Z,treatment,39.76,24,12.6493,0.318142,30,subprocess
2026-04-06T17:16:08Z,baseline,40.18,24,10.9507,0.272541,30,subprocess
2026-04-06T17:16:11Z,treatment,39.97,26,10.9084,0.272914,30,subprocess
2026-04-06T17:16:40Z,baseline,39.80,24,13.0454,0.327773,30,subprocess
2026-04-06T17:16:42Z,treatment,39.58,23,13.2014,0.333537,30,subprocess
2026-04-06T17:17:09Z,baseline,39.83,24,12.9524,0.325192,30,subprocess
2026-04-06T17:17:12Z,treatment,39.84,24,12.9795,0.325791,30,subprocess
2026-04-06T17:17:39Z,baseline,39.97,23,12.9838,0.324839,30,subprocess
2026-04-06T17:17:42Z,treatment,40.30,25,12.0877,0.299944,30,subprocess
2026-04-06T17:18:09Z,baseline,39.90,26,13.0151,0.326194,30,subprocess
2026-04-06T17:18:12Z,treatment,39.87,22,13.1656,0.330213,30,subprocess
2026-04-06T17:18:39Z,baseline,39.96,25,13.1965,0.330242,30,subprocess
2026-04-06T17:18:41Z,treatment,40.02,24,12.9929,0.324660,30,subprocess
2026-04-06T17:19:08Z,baseline,40.13,25,12.7728,0.318285,30,subprocess
2026-04-06T17:19:11Z,treatment,40.05,24,13.0658,0.326237,30,subprocess
2026-04-06T17:19:38Z,baseline,40.16,25,13.0353,0.324584,30,subprocess
2026-04-06T17:19:40Z,treatment,40.26,24,12.8679,0.319620,30,subprocess
2026-04-06T17:20:07Z,baseline,40.24,24,12.4958,0.310531,30,subprocess
2026-04-06T17:20:10Z,treatment,40.32,24,13.0613,0.323941,30,subprocess
2026-04-06T17:20:37Z,baseline,39.16,25,13.1985,0.337040,30,subprocess
2026-04-06T17:20:39Z,treatment,39.24,25,13.0807,0.333350,30,subprocess
2026-04-06T17:21:07Z,baseline,38.93,24,12.4534,0.319893,30,subprocess
2026-04-06T17:21:10Z,treatment,38.70,25,12.0332,0.310937,30,subprocess
2026-04-06T17:21:37Z,baseline,38.16,23,13.1420,0.344392,30,subprocess
2026-04-06T17:21:39Z,treatment,38.22,25,13.0371,0.341106,30,subprocess
2026-04-06T17:22:07Z,baseline,38.24,25,13.0745,0.341906,30,subprocess
2026-04-06T17:22:09Z,treatment,38.19,27,13.1380,0.344016,30,subprocess
2026-04-06T17:22:36Z,baseline,37.87,26,13.1918,0.348343,30,subprocess
2026-04-06T17:22:39Z,treatment,37.88,22,13.2214,0.349034,30,subprocess
2026-04-06T17:23:06Z,baseline,37.82,24,13.1372,0.347361,30,subprocess
2026-04-06T17:23:08Z,treatment,37.80,25,13.0708,0.345788,30,subprocess
2026-04-06T17:23:35Z,baseline,37.87,25,13.0458,0.344488,30,subprocess
2026-04-06T17:23:38Z,treatment,37.89,22,13.0487,0.344383,30,subprocess
2026-04-06T17:24:05Z,baseline,37.71,23,13.1352,0.348320,30,subprocess
2026-04-06T17:24:08Z,treatment,37.50,25,13.0803,0.348809,30,subprocess
2026-04-06T17:24:35Z,baseline,37.40,24,13.1641,0.351980,30,subprocess
2026-04-06T17:24:37Z,treatment,37.47,24,13.0917,0.349392,30,subprocess
2026-04-06T17:25:04Z,baseline,38.22,24,13.0209,0.340684,30,subprocess
2026-04-06T17:25:07Z,treatment,37.62,27,13.0673,0.347351,30,subprocess
2026-04-06T17:25:34Z,baseline,37.33,24,13.1131,0.351275,30,subprocess
2026-04-06T17:25:36Z,treatment,37.53,24,13.0708,0.348275,30,subprocess
2026-04-06T17:26:04Z,baseline,38.55,24,11.0772,0.287347,30,subprocess
2026-04-06T17:26:07Z,treatment,38.39,24,10.9185,0.284409,30,subprocess
2026-04-06T17:26:35Z,baseline,38.95,22,11.1243,0.285606,30,subprocess
2026-04-06T17:26:38Z,treatment,38.71,26,11.3904,0.294251,30,subprocess
2026-04-06T17:27:05Z,baseline,38.34,24,12.6776,0.330664,30,subprocess
2026-04-06T17:27:08Z,treatment,38.23,24,12.9332,0.338299,30,subprocess
2026-04-06T17:27:35Z,baseline,38.57,25,13.1185,0.340122,30,subprocess
2026-04-06T17:27:37Z,treatment,38.45,26,12.9472,0.336728,30,subprocess
2026-04-06T17:28:05Z,baseline,38.86,24,12.5232,0.322265,30,subprocess
2026-04-06T17:28:08Z,treatment,39.27,26,10.6489,0.271171,30,subprocess
2026-04-06T17:28:36Z,baseline,38.88,24,13.0434,0.335479,30,subprocess
2026-04-06T17:28:38Z,treatment,38.76,22,13.0754,0.337344,30,subprocess
2026-04-06T17:29:06Z,baseline,39.18,24,13.0028,0.331874,30,subprocess
2026-04-06T17:29:08Z,treatment,38.99,23,12.7022,0.325781,30,subprocess
2026-04-06T17:29:35Z,baseline,39.21,24,13.0378,0.332512,30,subprocess
2026-04-06T17:29:38Z,treatment,39.73,25,12.4824,0.314180,30,subprocess
2026-04-06T17:30:06Z,baseline,41.16,25,10.2202,0.248305,30,subprocess
2026-04-06T17:30:09Z,treatment,39.90,25,9.8187,0.246084,30,subprocess
2026-04-06T17:30:38Z,baseline,40.10,26,10.9888,0.274036,30,subprocess
2026-04-06T17:30:41Z,treatment,40.22,27,10.9694,0.272735,30,subprocess
2026-04-06T17:31:06Z,baseline,41.50,24,9.9150,0.238916,2,subprocess
2026-04-06T17:31:06Z,treatment,41.42,24,10.2020,0.246306,2,subprocess
2026-04-06T17:31:10Z,baseline,40.61,24,10.0694,0.247955,30,subprocess
2026-04-06T17:31:13Z,treatment,40.51,24,10.5370,0.260109,30,subprocess
2026-04-06T17:31:42Z,baseline,40.62,26,11.1881,0.275434,30,subprocess
2026-04-06T17:31:45Z,treatment,39.60,24,12.7731,0.322552,30,subprocess
2026-04-06T17:32:13Z,baseline,40.25,22,12.2685,0.304806,30,subprocess
2026-04-06T17:32:16Z,treatment,40.85,24,11.1467,0.272868,30,subprocess
2026-04-06T17:32:44Z,baseline,39.87,24,13.0386,0.327029,30,subprocess
2026-04-06T17:32:46Z,treatment,39.88,24,12.6263,0.316606,30,subprocess
2026-04-06T17:33:14Z,baseline,40.20,27,11.9891,0.298238,30,subprocess
2026-04-06T17:33:17Z,treatment,40.50,24,11.7731,0.290694,30,subprocess
2026-04-06T17:33:45Z,baseline,40.03,22,12.7101,0.317514,30,subprocess
2026-04-06T17:33:47Z,treatment,40.19,24,11.4662,0.285299,30,subprocess
2026-04-06T17:34:15Z,baseline,40.10,24,12.6401,0.315215,30,subprocess
2026-04-06T17:34:17Z,treatment,40.38,24,11.2499,0.278602,30,subprocess
2026-04-06T17:34:50Z,baseline,36.92,24,11.1488,0.301972,30,subprocess
2026-04-06T17:34:53Z,treatment,10.71,3,1.1062,0.103286,30,subprocess
2026-04-06T17:35:57Z,baseline,10.74,3,11.7363,1.092766,30,subprocess
2026-04-06T17:36:00Z,treatment,23.80,2,11.0747,0.465322,30,subprocess
2026-04-06T17:36:27Z,baseline,9.34,4,13.3263,1.426801,30,subprocess
2026-04-06T17:36:30Z,treatment,8.97,3,13.0231,1.451854,30,subprocess
2026-04-06T17:36:57Z,baseline,8.69,3,12.1317,1.396051,30,subprocess
2026-04-06T17:37:00Z,treatment,8.78,3,12.1688,1.385973,30,subprocess
2026-04-06T17:37:34Z,baseline,8.39,2,2.4218,0.288647,30,subprocess
2026-04-06T17:37:47Z,treatment,8.21,3,5.1052,0.621829,30,subprocess
2026-04-06T17:38:26Z,baseline,8.69,3,9.3136,1.071764,30,subprocess
2026-04-06T17:38:29Z,treatment,8.56,6,12.5935,1.471209,30,subprocess
2026-04-06T17:39:17Z,baseline,8.48,4,12.2759,1.447634,30,subprocess
2026-04-06T17:39:19Z,treatment,8.37,3,12.8902,1.540049,30,subprocess
2026-04-06T17:39:48Z,baseline,8.20,2,12.8481,1.566838,30,subprocess
2026-04-06T17:39:51Z,treatment,8.06,3,12.8479,1.594027,30,subprocess
2026-04-06T17:40:18Z,baseline,9.62,6,11.7928,1.225868,30,subprocess
2026-04-06T17:40:21Z,treatment,7.98,2,12.6018,1.579171,30,subprocess
2026-04-06T17:40:48Z,baseline,8.13,3,12.7610,1.569613,30,subprocess
2026-04-06T17:40:51Z,treatment,8.22,3,12.5131,1.522276,30,subprocess
2026-04-06T17:41:19Z,baseline,8.18,3,12.7129,1.554150,30,subprocess
2026-04-06T17:41:21Z,treatment,8.19,3,11.9038,1.453456,30,subprocess
2026-04-06T17:41:49Z,baseline,8.12,4,11.8927,1.464615,30,subprocess
2026-04-06T17:41:52Z,treatment,8.14,3,12.1007,1.486569,30,subprocess
2026-04-06T17:42:19Z,baseline,8.05,3,11.9576,1.485411,30,subprocess
2026-04-06T17:42:22Z,treatment,7.97,2,12.3351,1.547690,30,subprocess
2026-04-06T17:42:50Z,baseline,8.03,2,12.1917,1.518269,30,subprocess
2026-04-06T17:42:52Z,treatment,8.12,6,12.3876,1.525566,30,subprocess
2026-04-06T17:43:20Z,baseline,8.12,3,12.2504,1.508667,30,subprocess
2026-04-06T17:43:23Z,treatment,8.12,6,11.7926,1.452294,30,subprocess
2026-04-06T17:43:51Z,baseline,7.82,2,12.1048,1.547931,30,subprocess
2026-04-06T17:43:53Z,treatment,8.62,2,11.8456,1.374195,30,subprocess
2026-04-06T17:44:21Z,baseline,8.07,3,12.2844,1.522235,30,subprocess
2026-04-06T17:44:24Z,treatment,7.91,2,11.9925,1.516117,30,subprocess
2026-04-06T17:44:51Z,baseline,7.95,3,12.0383,1.514255,30,subprocess
2026-04-06T17:44:54Z,treatment,7.80,7,12.1681,1.560011,30,subprocess
2026-04-06T17:45:22Z,baseline,8.03,3,12.1987,1.519142,30,subprocess
2026-04-06T17:45:24Z,treatment,7.99,3,12.2992,1.539330,30,subprocess
2026-04-06T17:45:52Z,baseline,7.53,2,12.7190,1.689106,30,subprocess
2026-04-06T17:45:54Z,treatment,8.35,3,12.9300,1.548508,30,subprocess
2026-04-06T17:46:22Z,baseline,7.97,2,12.8393,1.610957,30,subprocess
2026-04-06T17:46:24Z,treatment,7.87,3,12.5353,1.592794,30,subprocess
2026-04-06T17:46:52Z,baseline,9.61,3,12.7926,1.331178,30,subprocess
2026-04-06T17:46:54Z,treatment,9.35,2,12.9318,1.383084,30,subprocess
2026-04-06T17:47:22Z,baseline,10.43,2,11.1699,1.070939,30,subprocess
2026-04-06T17:47:25Z,treatment,10.32,4,12.1238,1.174790,30,subprocess
2026-04-06T17:47:53Z,baseline,37.85,24,11.8853,0.314010,30,subprocess
2026-04-06T17:47:55Z,treatment,37.80,25,11.6572,0.308390,30,subprocess
2026-04-06T17:48:23Z,baseline,37.87,24,11.8587,0.313143,30,subprocess
2026-04-06T17:48:26Z,treatment,37.78,24,12.0432,0.318771,30,subprocess
2026-04-06T17:48:55Z,baseline,38.18,24,11.2518,0.294704,30,subprocess
2026-04-06T17:48:57Z,treatment,38.12,25,11.9841,0.314378,30,subprocess
2026-04-06T17:49:26Z,baseline,38.84,24,10.6700,0.274716,30,subprocess
2026-04-06T17:49:29Z,treatment,38.60,25,11.1159,0.287977,30,subprocess
2026-04-06T17:49:58Z,baseline,39.56,25,10.2002,0.257842,30,subprocess
2026-04-06T17:50:01Z,treatment,43.14,26,9.9995,0.231792,30,subprocess
2026-04-06T17:50:30Z,baseline,39.15,24,11.1561,0.284958,30,subprocess
2026-04-06T17:50:33Z,treatment,39.13,23,11.0985,0.283632,30,subprocess
2026-04-06T17:51:02Z,baseline,43.11,23,10.6772,0.247674,30,subprocess
2026-04-06T17:51:05Z,treatment,39.97,23,10.4801,0.262198,30,subprocess
2026-04-06T17:51:33Z,baseline,39.74,26,10.9163,0.274693,30,subprocess
2026-04-06T17:51:36Z,treatment,39.62,25,11.2234,0.283276,30,subprocess
2026-04-06T17:52:05Z,baseline,39.75,24,10.8205,0.272214,30,subprocess
2026-04-06T17:52:08Z,treatment,40.26,26,10.7580,0.267213,30,subprocess
2026-04-06T17:52:36Z,baseline,39.67,24,10.9758,0.276677,30,subprocess
2026-04-06T17:52:39Z,treatment,40.71,24,7.8736,0.193407,30,subprocess
2026-04-06T17:53:09Z,baseline,40.01,25,10.6453,0.266067,30,subprocess
2026-04-06T17:53:12Z,treatment,39.84,25,11.3850,0.285769,30,subprocess
2026-04-06T17:53:40Z,baseline,39.95,26,10.6025,0.265393,30,subprocess
2026-04-06T17:53:43Z,treatment,40.01,22,11.4131,0.285256,30,subprocess
2026-04-06T17:54:12Z,baseline,39.91,25,11.3681,0.284842,30,subprocess
2026-04-06T17:54:14Z,treatment,39.85,26,11.0092,0.276267,30,subprocess
2026-04-06T17:54:43Z,baseline,41.74,23,11.3865,0.272795,30,subprocess
2026-04-06T17:54:46Z,treatment,40.83,25,12.3741,0.303063,30,subprocess
2026-04-06T17:55:13Z,baseline,39.96,24,12.2063,0.305463,30,subprocess
2026-04-06T17:55:16Z,treatment,39.90,25,12.5988,0.315761,30,subprocess
2026-04-06T17:55:44Z,baseline,39.94,27,13.0072,0.325669,30,subprocess
2026-04-06T17:55:46Z,treatment,40.17,26,12.5538,0.312517,30,subprocess
2026-04-06T17:56:14Z,baseline,40.41,25,11.7410,0.290546,30,subprocess
2026-04-06T17:56:17Z,treatment,40.03,26,12.5563,0.313672,30,subprocess
2026-04-06T17:56:46Z,baseline,40.33,21,10.3702,0.257133,30,subprocess
2026-04-06T17:56:49Z,treatment,39.72,24,12.6489,0.318451,30,subprocess
2026-04-06T17:57:17Z,baseline,40.67,26,11.9108,0.292863,30,subprocess
2026-04-06T17:57:19Z,treatment,41.99,26,10.9377,0.260484,30,subprocess
2026-04-06T17:57:48Z,baseline,40.38,26,10.3324,0.255879,30,subprocess
2026-04-06T17:57:51Z,treatment,40.68,26,11.5535,0.284008,30,subprocess
2026-04-06T17:58:18Z,baseline,40.59,25,12.5772,0.309860,30,subprocess
2026-04-06T17:58:21Z,treatment,40.49,26,12.1845,0.300925,30,subprocess
2026-04-06T17:58:49Z,baseline,39.88,25,12.5007,0.313459,30,subprocess
2026-04-06T17:58:51Z,treatment,39.78,24,12.2589,0.308166,30,subprocess
2026-04-06T17:59:23Z,baseline,38.73,24,12.0656,0.311530,30,subprocess
2026-04-06T17:59:25Z,treatment,39.11,25,10.3118,0.263661,30,subprocess
2026-04-06T17:59:56Z,baseline,38.48,22,12.5100,0.325104,30,subprocess
2026-04-06T17:59:58Z,treatment,38.77,21,11.6654,0.300887,30,subprocess
2026-04-06T18:00:26Z,baseline,38.31,24,12.7027,0.331578,30,subprocess
2026-04-06T18:00:29Z,treatment,38.83,26,11.3782,0.293027,30,subprocess
2026-04-06T18:00:57Z,baseline,37.91,21,12.6268,0.333074,30,subprocess
2026-04-06T18:00:59Z,treatment,38.61,22,11.4226,0.295847,30,subprocess
2026-04-06T18:01:27Z,baseline,37.58,23,12.4801,0.332095,30,subprocess
2026-04-06T18:01:30Z,treatment,38.01,25,12.3491,0.324892,30,subprocess
2026-04-06T18:01:57Z,baseline,38.18,25,12.3445,0.323325,30,subprocess
2026-04-06T18:02:00Z,treatment,42.76,26,9.9308,0.232245,30,subprocess
2026-04-06T18:02:28Z,baseline,37.38,24,12.9877,0.347451,30,subprocess
2026-04-06T18:02:30Z,treatment,37.35,23,12.9864,0.347695,30,subprocess
2026-04-06T18:02:57Z,baseline,37.45,25,12.9931,0.346945,30,subprocess
2026-04-06T18:03:00Z,treatment,41.71,24,11.7528,0.281774,30,subprocess
2026-04-06T18:03:27Z,baseline,37.47,25,13.0112,0.347243,30,subprocess
2026-04-06T18:03:29Z,treatment,37.47,26,12.9924,0.346741,30,subprocess
2026-04-06T18:03:57Z,baseline,37.29,24,13.1042,0.351414,30,subprocess
2026-04-06T18:03:59Z,treatment,40.27,23,11.3819,0.282640,30,subprocess
2026-04-06T18:04:26Z,baseline,37.49,24,13.0421,0.347883,30,subprocess
2026-04-06T18:04:29Z,treatment,37.45,24,13.0081,0.347345,30,subprocess
2026-04-06T18:04:56Z,baseline,37.73,24,13.0750,0.346540,30,subprocess
2026-04-06T18:04:58Z,treatment,38.05,23,13.1739,0.346225,30,subprocess
2026-04-06T18:05:26Z,baseline,38.47,24,11.1698,0.290351,30,subprocess
2026-04-06T18:05:29Z,treatment,38.64,24,11.4177,0.295488,30,subprocess
2026-04-06T18:05:57Z,baseline,39.04,25,11.2812,0.288966,30,subprocess
2026-04-06T18:06:00Z,treatment,42.97,26,11.0116,0.256263,30,subprocess
2026-04-06T18:06:29Z,baseline,39.31,24,11.2035,0.285003,30,subprocess
2026-04-06T18:06:32Z,treatment,39.92,25,11.2206,0.281078,30,subprocess
2026-04-06T18:07:00Z,baseline,39.42,25,11.2793,0.286131,30,subprocess
2026-04-06T18:07:03Z,treatment,39.37,24,10.6865,0.271437,30,subprocess
2026-04-06T18:07:31Z,baseline,38.96,25,12.6736,0.325297,30,subprocess
2026-04-06T18:07:33Z,treatment,38.85,25,12.8734,0.331361,30,subprocess
2026-04-06T18:08:00Z,baseline,43.64,26,10.1639,0.232903,30,subprocess
2026-04-06T18:08:04Z,treatment,39.96,25,12.7880,0.320019,30,subprocess
2026-04-06T18:08:31Z,baseline,39.26,24,12.8428,0.327122,30,subprocess
2026-04-06T18:08:33Z,treatment,39.28,25,13.0243,0.331576,30,subprocess
2026-04-06T18:09:00Z,baseline,43.78,23,12.2443,0.279677,30,subprocess
2026-04-06T18:09:03Z,treatment,41.69,25,12.7349,0.305466,30,subprocess
2026-04-06T18:09:30Z,baseline,39.56,24,12.9072,0.326270,30,subprocess
2026-04-06T18:09:32Z,treatment,39.43,27,12.8408,0.325661,30,subprocess
2026-04-06T18:10:00Z,baseline,44.60,25,11.7320,0.263049,30,subprocess
2026-04-06T18:10:02Z,treatment,40.62,24,12.9662,0.319206,30,subprocess
2026-04-06T18:10:30Z,baseline,39.74,22,12.9888,0.326846,30,subprocess
2026-04-06T18:10:32Z,treatment,39.64,22,12.9900,0.327699,30,subprocess
2026-04-06T18:10:59Z,baseline,41.24,25,12.2873,0.297945,30,subprocess
2026-04-06T18:11:02Z,treatment,44.16,25,11.8681,0.268752,30,subprocess
2026-04-06T18:11:29Z,baseline,39.77,25,13.0414,0.327922,30,subprocess
2026-04-06T18:11:32Z,treatment,39.58,23,13.0467,0.329629,30,subprocess
2026-04-06T18:11:59Z,baseline,41.50,30,12.4028,0.298863,30,subprocess
2026-04-06T18:12:01Z,treatment,43.97,25,12.8923,0.293208,30,subprocess
2026-04-06T18:12:29Z,baseline,39.89,23,13.0851,0.328029,30,subprocess
2026-04-06T18:12:31Z,treatment,39.61,23,13.1086,0.330941,30,subprocess
2026-04-06T18:12:58Z,baseline,38.91,25,13.0988,0.336644,30,subprocess
2026-04-06T18:13:00Z,treatment,43.12,24,11.4437,0.265392,30,subprocess
2026-04-06T18:13:28Z,baseline,38.32,25,13.0325,0.340096,30,subprocess
2026-04-06T18:13:30Z,treatment,38.35,27,12.8562,0.335233,30,subprocess
2026-04-06T18:13:57Z,baseline,38.27,24,13.1745,0.344251,30,subprocess
2026-04-06T18:14:00Z,treatment,43.26,26,11.9145,0.275417,30,subprocess
2026-04-06T18:14:27Z,baseline,37.74,25,13.1380,0.348117,30,subprocess
2026-04-06T18:14:30Z,treatment,37.96,24,12.1420,0.319862,30,subprocess
2026-04-06T18:14:57Z,baseline,37.83,23,12.8605,0.339954,30,subprocess
2026-04-06T18:14:59Z,treatment,37.69,24,13.0069,0.345101,30,subprocess
2026-04-06T18:15:26Z,baseline,37.13,25,13.0694,0.351992,30,subprocess
2026-04-06T18:15:29Z,treatment,37.62,24,12.5601,0.333868,30,subprocess
2026-04-06T18:15:56Z,baseline,36.93,25,13.1608,0.356371,30,subprocess
2026-04-06T18:15:58Z,treatment,37.37,25,12.8973,0.345123,30,subprocess
2026-04-06T18:16:26Z,baseline,37.63,24,11.0300,0.293118,30,subprocess
2026-04-06T18:16:29Z,treatment,37.49,25,12.4784,0.332845,30,subprocess
2026-04-06T18:16:57Z,baseline,37.17,25,12.9927,0.349547,30,subprocess
2026-04-06T18:16:59Z,treatment,37.45,25,12.3464,0.329677,30,subprocess
2026-04-06T18:17:26Z,baseline,36.98,24,12.7648,0.345181,30,subprocess
2026-04-06T18:17:29Z,treatment,37.10,24,12.8024,0.345079,30,subprocess
2026-04-06T18:17:56Z,baseline,37.35,25,12.8749,0.344709,30,subprocess
2026-04-06T18:17:59Z,treatment,37.72,24,12.7718,0.338596,30,subprocess
2026-04-06T18:18:26Z,baseline,37.58,24,13.0816,0.348099,30,subprocess
2026-04-06T18:18:28Z,treatment,37.69,24,13.1218,0.348152,30,subprocess
2026-04-06T18:18:55Z,baseline,38.07,24,12.9590,0.340399,30,subprocess
2026-04-06T18:18:58Z,treatment,38.05,24,12.9842,0.341242,30,subprocess
2026-04-06T18:19:25Z,baseline,38.24,25,13.0749,0.341916,30,subprocess
2026-04-06T18:19:27Z,treatment,38.23,25,12.9956,0.339931,30,subprocess
2026-04-06T18:19:55Z,baseline,38.44,24,13.1080,0.341000,30,subprocess
2026-04-06T18:19:57Z,treatment,38.58,24,13.0878,0.339237,30,subprocess
2026-04-06T18:20:24Z,baseline,38.63,24,13.0088,0.336753,30,subprocess
2026-04-06T18:20:27Z,treatment,38.64,22,13.0364,0.337381,30,subprocess
2026-04-06T18:20:54Z,baseline,39.05,25,13.1806,0.337532,30,subprocess
2026-04-06T18:20:56Z,treatment,38.81,25,12.8742,0.331724,30,subprocess
2026-04-06T18:21:23Z,baseline,39.08,24,13.0572,0.334114,30,subprocess
2026-04-06T18:21:26Z,treatment,38.86,24,12.9718,0.333810,30,subprocess
2026-04-06T18:21:53Z,baseline,39.01,24,13.0525,0.334594,30,subprocess
2026-04-06T18:21:55Z,treatment,39.07,24,13.1314,0.336098,30,subprocess
2026-04-06T18:22:22Z,baseline,39.26,24,13.1565,0.335113,30,subprocess
2026-04-06T18:22:25Z,treatment,39.47,25,12.9314,0.327627,30,subprocess
2026-04-06T18:22:52Z,baseline,39.80,25,12.9917,0.326424,30,subprocess
2026-04-06T18:22:54Z,treatment,39.57,26,12.9221,0.326562,30,subprocess
2026-04-06T18:23:22Z,baseline,39.25,25,13.0836,0.333341,30,subprocess
2026-04-06T18:23:24Z,treatment,39.56,23,13.0982,0.331098,30,subprocess
2026-04-06T18:23:51Z,baseline,39.97,26,13.0691,0.326973,30,subprocess
2026-04-06T18:23:54Z,treatment,40.03,25,13.0240,0.325355,30,subprocess
2026-04-06T18:24:21Z,baseline,39.71,25,12.9779,0.326817,30,subprocess
2026-04-06T18:24:23Z,treatment,39.55,25,13.0839,0.330820,30,subprocess
2026-04-06T18:24:50Z,baseline,39.82,24,13.0842,0.328584,30,subprocess
2026-04-06T18:24:53Z,treatment,39.72,25,13.0618,0.328847,30,subprocess
2026-04-06T18:25:20Z,baseline,39.74,24,13.1157,0.330037,30,subprocess
2026-04-06T18:25:22Z,treatment,40.22,22,12.9319,0.321528,30,subprocess
2026-04-06T18:25:49Z,baseline,39.88,24,12.8184,0.321423,30,subprocess
2026-04-06T18:25:52Z,treatment,39.61,26,12.9681,0.327394,30,subprocess
2026-04-06T18:26:20Z,baseline,39.25,26,11.3761,0.289837,30,subprocess
2026-04-06T18:26:23Z,treatment,39.37,24,11.2252,0.285121,30,subprocess
2026-04-06T18:26:51Z,baseline,38.18,26,12.6366,0.330974,30,subprocess
2026-04-06T18:26:54Z,treatment,38.20,23,12.9150,0.338089,30,subprocess
2026-04-06T18:27:21Z,baseline,38.05,24,12.7226,0.334364,30,subprocess
2026-04-06T18:27:24Z,treatment,37.78,25,12.7626,0.337814,30,subprocess
2026-04-06T18:27:51Z,baseline,37.70,25,12.8228,0.340127,30,subprocess
2026-04-06T18:27:53Z,treatment,37.80,22,12.9441,0.342435,30,subprocess
2026-04-06T18:28:20Z,baseline,37.35,25,12.9916,0.347833,30,subprocess
2026-04-06T18:28:23Z,treatment,37.51,24,13.0178,0.347049,30,subprocess
2026-04-06T18:28:50Z,baseline,37.20,24,13.0281,0.350218,30,subprocess
2026-04-06T18:28:52Z,treatment,37.45,23,12.9980,0.347075,30,subprocess
2026-04-06T18:29:20Z,baseline,37.18,23,12.8501,0.345619,30,subprocess
2026-04-06T18:29:22Z,treatment,37.43,26,13.1320,0.350840,30,subprocess
2026-04-06T18:29:49Z,baseline,37.07,26,13.1176,0.353861,30,subprocess
2026-04-06T18:29:52Z,treatment,37.01,24,13.1314,0.354806,30,subprocess
2026-04-06T18:30:19Z,baseline,37.20,25,13.1092,0.352398,30,subprocess
2026-04-06T18:30:21Z,treatment,37.08,25,12.9497,0.349236,30,subprocess
2026-04-06T18:30:48Z,baseline,37.01,23,12.8534,0.347296,30,subprocess
2026-04-06T18:30:51Z,treatment,36.60,26,13.0314,0.356049,30,subprocess
2026-04-06T18:31:18Z,baseline,37.11,26,12.9373,0.348621,30,subprocess
2026-04-06T18:31:20Z,treatment,37.23,25,13.1747,0.353873,30,subprocess
2026-04-06T18:31:47Z,baseline,37.26,24,13.0940,0.351423,30,subprocess
2026-04-06T18:31:50Z,treatment,37.74,25,12.9855,0.344077,30,subprocess
2026-04-06T18:32:17Z,baseline,38.25,27,12.3103,0.321838,30,subprocess
2026-04-06T18:32:19Z,treatment,38.07,24,12.9986,0.341439,30,subprocess
2026-04-06T18:32:47Z,baseline,38.23,24,12.9884,0.339744,30,subprocess
2026-04-06T18:32:49Z,treatment,38.36,25,12.9632,0.337935,30,subprocess
2026-04-06T18:33:16Z,baseline,38.43,25,13.0867,0.340534,30,subprocess
2026-04-06T18:33:19Z,treatment,38.57,25,12.9254,0.335114,30,subprocess
2026-04-06T18:33:46Z,baseline,38.76,26,13.1139,0.338336,30,subprocess
2026-04-06T18:33:48Z,treatment,38.72,24,12.8199,0.331093,30,subprocess
2026-04-06T18:34:15Z,baseline,38.76,24,13.0813,0.337496,30,subprocess
2026-04-06T18:34:18Z,treatment,38.75,25,13.0472,0.336702,30,subprocess
2026-04-06T18:34:45Z,baseline,39.16,24,12.8883,0.329118,30,subprocess
2026-04-06T18:34:47Z,treatment,39.09,27,13.0019,0.332614,30,subprocess
2026-04-06T18:35:15Z,baseline,38.92,24,13.0508,0.335324,30,subprocess
2026-04-06T18:35:17Z,treatment,38.97,24,13.0026,0.333657,30,subprocess
2026-04-06T18:35:44Z,baseline,39.29,25,12.8819,0.327867,30,subprocess
2026-04-06T18:35:47Z,treatment,39.33,27,12.9228,0.328574,30,subprocess
2026-04-06T18:36:14Z,baseline,39.45,22,13.0464,0.330708,30,subprocess
2026-04-06T18:36:17Z,treatment,39.41,25,12.8700,0.326566,30,subprocess
2026-04-06T18:36:44Z,baseline,39.65,24,13.1616,0.331944,30,subprocess
2026-04-06T18:36:46Z,treatment,40.31,25,11.7741,0.292089,30,subprocess
2026-04-06T18:37:14Z,baseline,39.83,22,12.8253,0.322001,30,subprocess
2026-04-06T18:37:16Z,treatment,39.78,25,12.6104,0.317003,30,subprocess
2026-04-06T18:37:44Z,baseline,39.70,24,12.8557,0.323822,30,subprocess
2026-04-06T18:37:46Z,treatment,39.89,27,12.8258,0.321528,30,subprocess
2026-04-06T18:38:14Z,baseline,39.83,24,12.6865,0.318516,30,subprocess
2026-04-06T18:38:16Z,treatment,39.84,25,13.1350,0.329694,30,subprocess
2026-04-06T18:38:43Z,baseline,39.84,24,13.0875,0.328501,30,subprocess
2026-04-06T18:38:46Z,treatment,39.98,25,13.0180,0.325614,30,subprocess
2026-04-06T18:39:13Z,baseline,40.01,23,13.1329,0.328241,30,subprocess
2026-04-06T18:39:15Z,treatment,39.95,26,13.0726,0.327223,30,subprocess
2026-04-06T18:39:42Z,baseline,39.40,24,13.0364,0.330872,30,subprocess
2026-04-06T18:39:45Z,treatment,39.25,24,12.9971,0.331136,30,subprocess
2026-04-06T18:40:12Z,baseline,38.56,25,12.8971,0.334468,30,subprocess
2026-04-06T18:40:14Z,treatment,38.42,24,12.9846,0.337965,30,subprocess
2026-04-06T18:40:41Z,baseline,37.89,23,12.9104,0.340733,30,subprocess
2026-04-06T18:40:44Z,treatment,38.01,26,12.9359,0.340330,30,subprocess
2026-04-06T18:41:11Z,baseline,37.97,25,12.3974,0.326506,30,subprocess
2026-04-06T18:41:14Z,treatment,37.66,24,13.1953,0.350381,30,subprocess
2026-04-06T18:41:41Z,baseline,37.69,24,13.0897,0.347299,30,subprocess
2026-04-06T18:41:43Z,treatment,37.64,24,12.9862,0.345011,30,subprocess
2026-04-06T18:42:11Z,baseline,37.51,22,13.0988,0.349209,30,subprocess
2026-04-06T18:42:13Z,treatment,37.58,24,13.1549,0.350051,30,subprocess
2026-04-06T18:42:40Z,baseline,37.31,24,12.8991,0.345727,30,subprocess
2026-04-06T18:42:43Z,treatment,37.78,24,12.2559,0.324403,30,subprocess
2026-04-06T18:43:10Z,baseline,37.35,24,13.1624,0.352406,30,subprocess
2026-04-06T18:43:12Z,treatment,37.28,24,13.0966,0.351304,30,subprocess
2026-04-06T18:43:40Z,baseline,37.26,24,12.9457,0.347442,30,subprocess
2026-04-06T18:43:42Z,treatment,37.22,21,13.0728,0.351232,30,subprocess
2026-04-06T18:44:09Z,baseline,37.17,24,13.1477,0.353717,30,subprocess
2026-04-06T18:44:12Z,treatment,37.04,25,13.0611,0.352622,30,subprocess
2026-04-06T18:44:39Z,baseline,37.04,23,13.0014,0.351010,30,subprocess
2026-04-06T18:44:41Z,treatment,37.27,24,12.5611,0.337029,30,subprocess
2026-04-06T18:45:08Z,baseline,37.49,25,12.8535,0.342850,30,subprocess
2026-04-06T18:45:11Z,treatment,37.33,24,12.9308,0.346392,30,subprocess
2026-04-06T18:45:38Z,baseline,37.88,24,12.9785,0.342622,30,subprocess
2026-04-06T18:45:41Z,treatment,37.89,25,12.9928,0.342908,30,subprocess
2026-04-06T18:46:09Z,baseline,38.84,24,10.9018,0.280685,30,subprocess
2026-04-06T18:46:12Z,treatment,38.54,23,10.9579,0.284325,30,subprocess
2026-04-06T18:46:39Z,baseline,38.33,25,13.0450,0.340335,30,subprocess
2026-04-06T18:46:42Z,treatment,38.29,23,13.0981,0.342076,30,subprocess
2026-04-06T18:47:09Z,baseline,38.70,25,12.8493,0.332023,30,subprocess
2026-04-06T18:47:11Z,treatment,38.90,25,12.3552,0.317615,30,subprocess
2026-04-06T18:47:41Z,baseline,38.91,25,12.5510,0.322564,30,subprocess
2026-04-06T18:47:44Z,treatment,38.84,24,12.9638,0.333775,30,subprocess
2026-04-06T18:48:11Z,baseline,38.78,25,12.9852,0.334843,30,subprocess
2026-04-06T18:48:14Z,treatment,38.85,25,12.9740,0.333951,30,subprocess
2026-04-06T18:48:41Z,baseline,39.20,25,12.9384,0.330061,30,subprocess
2026-04-06T18:48:43Z,treatment,39.23,26,13.1548,0.335325,30,subprocess
2026-04-06T18:49:10Z,baseline,39.17,24,13.1023,0.334499,30,subprocess
2026-04-06T18:49:13Z,treatment,39.21,23,13.1383,0.335074,30,subprocess
2026-04-06T18:49:40Z,baseline,39.33,24,13.1605,0.334617,30,subprocess
2026-04-06T18:49:42Z,treatment,39.62,25,13.0428,0.329197,30,subprocess
2026-04-06T18:50:09Z,baseline,39.77,23,12.9704,0.326134,30,subprocess
2026-04-06T18:50:12Z,treatment,39.72,24,13.0934,0.329642,30,subprocess
2026-04-06T18:50:39Z,baseline,39.54,25,12.6841,0.320791,30,subprocess
2026-04-06T18:50:41Z,treatment,39.53,24,12.5860,0.318391,30,subprocess
2026-04-06T18:51:09Z,baseline,39.78,24,12.6838,0.318848,30,subprocess
2026-04-06T18:51:11Z,treatment,39.70,24,12.4061,0.312495,30,subprocess
2026-04-06T18:51:39Z,baseline,39.57,25,12.5253,0.316535,30,subprocess
2026-04-06T18:51:42Z,treatment,39.83,27,12.5400,0.314837,30,subprocess
2026-04-06T18:52:09Z,baseline,39.93,25,13.0625,0.327134,30,subprocess
2026-04-06T18:52:11Z,treatment,39.77,24,13.1034,0.329478,30,subprocess
2026-04-06T18:52:38Z,baseline,39.49,24,13.1217,0.332279,30,subprocess
2026-04-06T18:52:41Z,treatment,39.77,25,13.0194,0.327368,30,subprocess
2026-04-06T18:53:08Z,baseline,40.02,23,13.1345,0.328198,30,subprocess
2026-04-06T18:53:10Z,treatment,40.35,24,12.7312,0.315520,30,subprocess
2026-04-06T18:53:37Z,baseline,40.24,24,12.5899,0.312870,30,subprocess
2026-04-06T18:53:40Z,treatment,39.43,27,12.5591,0.318517,30,subprocess
2026-04-06T18:54:07Z,baseline,38.19,25,13.1001,0.343025,30,subprocess
2026-04-06T18:54:10Z,treatment,37.98,24,13.2257,0.348227,30,subprocess
2026-04-06T18:54:37Z,baseline,37.74,24,13.1931,0.349578,30,subprocess
2026-04-06T18:54:39Z,treatment,37.69,23,13.1897,0.349953,30,subprocess
2026-04-06T18:55:06Z,baseline,37.46,21,13.0686,0.348867,30,subprocess
2026-04-06T18:55:09Z,treatment,37.60,24,13.2172,0.351522,30,subprocess
2026-04-06T18:55:36Z,baseline,37.43,25,13.1990,0.352632,30,subprocess
2026-04-06T18:55:38Z,treatment,37.49,25,13.0732,0.348712,30,subprocess
2026-04-06T18:56:06Z,baseline,37.81,26,10.9934,0.290753,30,subprocess
2026-04-06T18:56:09Z,treatment,37.76,23,11.0488,0.292607,30,subprocess
2026-04-06T18:56:37Z,baseline,37.11,23,13.2217,0.356284,30,subprocess
2026-04-06T18:56:39Z,treatment,37.14,24,12.9165,0.347779,30,subprocess
2026-04-06T18:57:06Z,baseline,37.23,24,13.0046,0.349304,30,subprocess
2026-04-06T18:57:09Z,treatment,37.48,24,13.0308,0.347674,30,subprocess
2026-04-06T18:57:36Z,baseline,37.28,24,13.0900,0.351127,30,subprocess
2026-04-06T18:57:38Z,treatment,37.33,24,12.8706,0.344778,30,subprocess
2026-04-06T18:58:06Z,baseline,37.09,24,13.0736,0.352483,30,subprocess
2026-04-06T18:58:09Z,treatment,36.90,25,12.9766,0.351670,30,subprocess
2026-04-06T18:58:36Z,baseline,37.11,24,13.2407,0.356795,30,subprocess
2026-04-06T18:58:38Z,treatment,37.11,24,13.1685,0.354849,30,subprocess
2026-04-06T18:59:05Z,baseline,37.64,24,13.3339,0.354249,30,subprocess
2026-04-06T18:59:08Z,treatment,37.52,22,13.0317,0.347326,30,subprocess
2026-04-06T18:59:35Z,baseline,37.75,24,13.0876,0.346692,30,subprocess
2026-04-06T18:59:37Z,treatment,37.71,23,12.9825,0.344272,30,subprocess
2026-04-06T19:00:05Z,baseline,38.34,26,13.1927,0.344098,30,subprocess
2026-04-06T19:00:07Z,treatment,38.19,21,13.0939,0.342863,30,subprocess
2026-04-06T19:00:34Z,baseline,38.26,25,13.1834,0.344573,30,subprocess
2026-04-06T19:00:37Z,treatment,38.45,23,12.9203,0.336029,30,subprocess
2026-04-06T19:01:04Z,baseline,39.44,24,12.5990,0.319446,30,subprocess
2026-04-06T19:01:07Z,treatment,39.03,24,12.4296,0.318464,30,subprocess
2026-04-06T19:01:34Z,baseline,38.64,26,13.2021,0.341670,30,subprocess
2026-04-06T19:01:37Z,treatment,38.76,24,13.1706,0.339800,30,subprocess
2026-04-06T19:02:04Z,baseline,40.01,25,12.5466,0.313588,30,subprocess
2026-04-06T19:02:07Z,treatment,39.61,22,11.5110,0.290608,30,subprocess
2026-04-06T19:02:35Z,baseline,39.37,25,12.7589,0.324077,30,subprocess
2026-04-06T19:02:37Z,treatment,39.07,25,13.1533,0.336660,30,subprocess
2026-04-06T19:03:05Z,baseline,39.73,24,13.1540,0.331085,30,subprocess
2026-04-06T19:03:07Z,treatment,39.40,26,13.1180,0.332945,30,subprocess
2026-04-06T19:03:34Z,baseline,39.40,25,13.1417,0.333545,30,subprocess
2026-04-06T19:03:36Z,treatment,39.30,25,12.9244,0.328866,30,subprocess
2026-04-06T19:04:04Z,baseline,40.27,24,12.9678,0.322021,30,subprocess
2026-04-06T19:04:06Z,treatment,39.76,22,13.0114,0.327250,30,subprocess
2026-04-06T19:04:33Z,baseline,39.74,24,13.0283,0.327839,30,subprocess
2026-04-06T19:04:36Z,treatment,39.51,25,13.1765,0.333497,30,subprocess
2026-04-06T19:05:03Z,baseline,41.54,24,11.0408,0.265788,30,subprocess
2026-04-06T19:05:06Z,treatment,40.17,23,11.1461,0.277474,30,subprocess
2026-04-06T19:05:35Z,baseline,39.98,25,11.1900,0.279891,30,subprocess
2026-04-06T19:05:38Z,treatment,39.91,25,11.3490,0.284364,30,subprocess
2026-04-06T19:06:06Z,baseline,40.31,25,10.8535,0.269250,30,subprocess
2026-04-06T19:06:09Z,treatment,40.39,24,10.8427,0.268449,30,subprocess
2026-04-06T19:06:38Z,baseline,40.97,26,11.0451,0.269589,30,subprocess
2026-04-06T19:06:41Z,treatment,40.45,25,11.1781,0.276343,30,subprocess
2026-04-06T19:07:09Z,baseline,40.04,24,10.9928,0.274546,30,subprocess
2026-04-06T19:07:12Z,treatment,39.36,24,12.5196,0.318079,30,subprocess
2026-04-06T19:07:40Z,baseline,38.33,24,13.0011,0.339188,30,subprocess
2026-04-06T19:07:42Z,treatment,38.44,25,12.4203,0.323109,30,subprocess
2026-04-06T19:08:09Z,baseline,37.94,26,12.9207,0.340557,30,subprocess
2026-04-06T19:08:12Z,treatment,37.87,24,12.9531,0.342041,30,subprocess
2026-04-06T19:08:39Z,baseline,37.37,24,13.1037,0.350648,30,subprocess
2026-04-06T19:08:41Z,treatment,37.41,25,13.0651,0.349241,30,subprocess
2026-04-06T19:09:09Z,baseline,37.33,24,13.0656,0.350002,30,subprocess
2026-04-06T19:09:11Z,treatment,37.53,25,13.0695,0.348240,30,subprocess
2026-04-06T19:09:38Z,baseline,37.36,25,12.8163,0.343048,30,subprocess
2026-04-06T19:09:41Z,treatment,37.29,23,12.9499,0.347276,30,subprocess
2026-04-06T19:10:08Z,baseline,37.19,25,13.0316,0.350406,30,subprocess
2026-04-06T19:10:10Z,treatment,37.35,22,13.0993,0.350716,30,subprocess
2026-04-06T19:10:37Z,baseline,37.23,26,12.9045,0.346616,30,subprocess
2026-04-06T19:10:40Z,treatment,37.24,25,12.9532,0.347830,30,subprocess
2026-04-06T19:11:07Z,baseline,37.38,25,12.6548,0.338544,30,subprocess
2026-04-06T19:11:10Z,treatment,37.67,24,12.2204,0.324406,30,subprocess
2026-04-06T19:11:37Z,baseline,37.35,24,12.9875,0.347723,30,subprocess
2026-04-06T19:11:39Z,treatment,37.09,25,13.0482,0.351799,30,subprocess
2026-04-06T19:12:07Z,baseline,37.33,24,13.2083,0.353825,30,subprocess
2026-04-06T19:12:09Z,treatment,37.39,26,13.0817,0.349872,30,subprocess
2026-04-06T19:12:36Z,baseline,37.71,24,13.0826,0.346926,30,subprocess
2026-04-06T19:12:39Z,treatment,37.54,25,12.9924,0.346094,30,subprocess
2026-04-06T19:13:06Z,baseline,38.27,26,12.9866,0.339341,30,subprocess
2026-04-06T19:13:08Z,treatment,38.06,24,13.0771,0.343592,30,subprocess
2026-04-06T19:13:36Z,baseline,38.28,23,12.9711,0.338848,30,subprocess
2026-04-06T19:13:38Z,treatment,38.21,24,12.9680,0.339387,30,subprocess
2026-04-06T19:14:05Z,baseline,38.83,24,13.1306,0.338157,30,subprocess
2026-04-06T19:14:08Z,treatment,38.69,25,13.1346,0.339483,30,subprocess
2026-04-06T19:14:35Z,baseline,38.64,24,13.0730,0.338329,30,subprocess
2026-04-06T19:14:37Z,treatment,38.96,22,13.0115,0.333970,30,subprocess
2026-04-06T19:15:04Z,baseline,38.81,25,12.9612,0.333966,30,subprocess
2026-04-06T19:15:07Z,treatment,38.87,24,13.0815,0.336545,30,subprocess
2026-04-06T19:15:34Z,baseline,39.01,24,13.0518,0.334575,30,subprocess
2026-04-06T19:15:36Z,treatment,38.99,22,13.1191,0.336474,30,subprocess
2026-04-06T19:16:04Z,baseline,40.18,22,11.0680,0.275461,30,subprocess
2026-04-06T19:16:07Z,treatment,39.80,24,10.7922,0.271160,30,subprocess
2026-04-06T19:16:35Z,baseline,39.03,24,13.1728,0.337504,30,subprocess
2026-04-06T19:16:37Z,treatment,39.32,25,13.2153,0.336097,30,subprocess
2026-04-06T19:17:05Z,baseline,39.43,24,12.7492,0.323336,30,subprocess
2026-04-06T19:17:07Z,treatment,39.42,24,12.7420,0.323237,30,subprocess
2026-04-06T19:17:34Z,baseline,39.47,26,12.9278,0.327535,30,subprocess
2026-04-06T19:17:37Z,treatment,39.62,26,12.9276,0.326290,30,subprocess
2026-04-06T19:18:05Z,baseline,40.04,24,12.8653,0.321310,30,subprocess
2026-04-06T19:18:07Z,treatment,39.82,24,12.9083,0.324167,30,subprocess
2026-04-06T19:18:34Z,baseline,39.64,24,12.9977,0.327894,30,subprocess
2026-04-06T19:18:37Z,treatment,39.83,22,12.9205,0.324392,30,subprocess
2026-04-06T19:19:04Z,baseline,40.13,25,13.0514,0.325229,30,subprocess
2026-04-06T19:19:06Z,treatment,40.13,25,13.0582,0.325396,30,subprocess
2026-04-06T19:19:34Z,baseline,39.54,24,13.0588,0.330269,30,subprocess
2026-04-06T19:19:36Z,treatment,39.60,24,12.7950,0.323107,30,subprocess
2026-04-06T19:20:04Z,baseline,40.43,27,12.6397,0.312631,30,subprocess
2026-04-06T19:20:06Z,treatment,40.21,24,12.8898,0.320561,30,subprocess
2026-04-06T19:20:33Z,baseline,40.18,25,13.0170,0.323968,30,subprocess
2026-04-06T19:20:36Z,treatment,40.22,24,13.1213,0.326239,30,subprocess
2026-04-06T19:21:03Z,baseline,39.89,24,12.5793,0.315349,30,subprocess
2026-04-06T19:21:06Z,treatment,38.91,24,12.4259,0.319350,30,subprocess
2026-04-06T19:21:33Z,baseline,38.11,24,13.1180,0.344214,30,subprocess
2026-04-06T19:21:35Z,treatment,38.17,25,13.0383,0.341585,30,subprocess
2026-04-06T19:22:03Z,baseline,41.49,26,12.9567,0.312286,30,subprocess
2026-04-06T19:22:05Z,treatment,38.44,24,12.9986,0.338153,30,subprocess
2026-04-06T19:22:32Z,baseline,37.69,26,13.0469,0.346164,30,subprocess
2026-04-06T19:22:35Z,treatment,37.58,24,13.1684,0.350409,30,subprocess
2026-04-06T19:23:02Z,baseline,41.84,23,11.9815,0.286365,30,subprocess
2026-04-06T19:23:04Z,treatment,38.03,25,13.0772,0.343865,30,subprocess
2026-04-06T19:23:31Z,baseline,37.59,26,13.0284,0.346593,30,subprocess
2026-04-06T19:23:34Z,treatment,37.66,27,12.9547,0.343992,30,subprocess
2026-04-06T19:24:01Z,baseline,41.43,25,12.3839,0.298911,30,subprocess
2026-04-06T19:24:04Z,treatment,38.20,24,12.9547,0.339128,30,subprocess
2026-04-06T19:24:31Z,baseline,37.23,25,13.1008,0.351889,30,subprocess
2026-04-06T19:24:33Z,treatment,37.34,25,12.9305,0.346291,30,subprocess
2026-04-06T19:25:00Z,baseline,40.71,27,12.5225,0.307603,30,subprocess
2026-04-06T19:25:03Z,treatment,38.99,24,13.0229,0.334007,30,subprocess
2026-04-06T19:25:30Z,baseline,37.01,24,13.1694,0.355833,30,subprocess
2026-04-06T19:25:32Z,treatment,36.92,25,13.0600,0.353737,30,subprocess
2026-04-06T19:25:59Z,baseline,39.36,44,11.8164,0.300213,30,subprocess
2026-04-06T19:26:02Z,treatment,39.38,24,10.5340,0.267497,30,subprocess
2026-04-06T19:26:31Z,baseline,37.76,24,12.9983,0.344233,30,subprocess
2026-04-06T19:26:33Z,treatment,37.71,24,13.0044,0.344854,30,subprocess
2026-04-06T19:27:01Z,baseline,38.71,24,10.7310,0.277216,30,subprocess
2026-04-06T19:27:04Z,treatment,38.43,27,11.5968,0.301764,30,subprocess
2026-04-06T19:27:31Z,baseline,38.19,24,13.0696,0.342226,30,subprocess
2026-04-06T19:27:34Z,treatment,38.03,24,12.9520,0.340572,30,subprocess
2026-04-06T19:28:01Z,baseline,43.15,24,10.5981,0.245610,30,subprocess
2026-04-06T19:28:04Z,treatment,39.51,24,12.6168,0.319333,30,subprocess
2026-04-06T19:28:31Z,baseline,38.79,24,12.7222,0.327976,30,subprocess
2026-04-06T19:28:34Z,treatment,38.99,24,12.9508,0.332158,30,subprocess
2026-04-06T19:29:01Z,baseline,43.25,21,12.1667,0.281311,30,subprocess
2026-04-06T19:29:03Z,treatment,39.85,25,12.7984,0.321164,30,subprocess
2026-04-06T19:29:30Z,baseline,39.11,24,13.0417,0.333462,30,subprocess
2026-04-06T19:29:33Z,treatment,39.14,25,12.8046,0.327148,30,subprocess
2026-04-06T19:30:00Z,baseline,44.33,26,11.5497,0.260538,30,subprocess
2026-04-06T19:30:03Z,treatment,43.40,24,13.0249,0.300114,30,subprocess
2026-04-06T19:30:30Z,baseline,39.17,26,13.0264,0.332561,30,subprocess
2026-04-06T19:30:32Z,treatment,39.63,26,13.0850,0.330178,30,subprocess
2026-04-06T19:30:59Z,baseline,41.62,29,11.1914,0.268894,30,subprocess
2026-04-06T19:31:02Z,treatment,43.71,25,11.6487,0.266500,30,subprocess
2026-04-06T19:31:30Z,baseline,39.23,24,13.1768,0.335885,30,subprocess
2026-04-06T19:31:32Z,treatment,39.46,21,12.9808,0.328960,30,subprocess
2026-04-06T19:31:59Z,baseline,41.74,25,12.0138,0.287825,30,subprocess
2026-04-06T19:32:02Z,treatment,43.72,28,13.0056,0.297476,30,subprocess
2026-04-06T19:32:29Z,baseline,39.48,23,13.1621,0.333387,30,subprocess
2026-04-06T19:32:31Z,treatment,39.58,24,13.0704,0.330226,30,subprocess
2026-04-06T19:32:58Z,baseline,39.85,25,12.9763,0.325630,30,subprocess
2026-04-06T19:33:01Z,treatment,44.87,28,11.5328,0.257028,30,subprocess
2026-04-06T19:33:28Z,baseline,39.87,24,13.0612,0.327594,30,subprocess
2026-04-06T19:33:31Z,treatment,39.84,25,13.0597,0.327803,30,subprocess
2026-04-06T19:33:58Z,baseline,39.82,24,13.0428,0.327543,30,subprocess
2026-04-06T19:34:00Z,treatment,44.78,26,12.1437,0.271187,30,subprocess
2026-04-06T19:34:28Z,baseline,39.39,24,13.1891,0.334834,30,subprocess
2026-04-06T19:34:30Z,treatment,39.40,25,12.9883,0.329651,30,subprocess
2026-04-06T19:34:57Z,baseline,38.63,24,13.0169,0.336963,30,subprocess
2026-04-06T19:35:00Z,treatment,38.38,25,12.8961,0.336012,30,subprocess
2026-04-06T19:35:27Z,baseline,37.98,24,13.0320,0.343128,30,subprocess
2026-04-06T19:35:29Z,treatment,37.80,23,13.0153,0.344319,30,subprocess
2026-04-06T19:35:56Z,baseline,38.01,24,13.1154,0.345053,30,subprocess
2026-04-06T19:35:59Z,treatment,38.37,25,12.5893,0.328102,30,subprocess
2026-04-06T19:36:26Z,baseline,37.56,22,13.1821,0.350960,30,subprocess
2026-04-06T19:36:28Z,treatment,37.60,22,13.0855,0.348018,30,subprocess
2026-04-06T19:36:55Z,baseline,37.49,24,12.9234,0.344716,30,subprocess
2026-04-06T19:36:58Z,treatment,37.65,23,11.9963,0.318626,30,subprocess
2026-04-06T19:37:25Z,baseline,37.71,23,12.6442,0.335300,30,subprocess
2026-04-06T19:37:28Z,treatment,37.46,24,12.8213,0.342267,30,subprocess
2026-04-06T19:37:55Z,baseline,37.22,25,12.8278,0.344648,30,subprocess
2026-04-06T19:37:58Z,treatment,37.14,22,12.9295,0.348129,30,subprocess
2026-04-06T19:38:25Z,baseline,37.33,24,13.1315,0.351768,30,subprocess
2026-04-06T19:38:27Z,treatment,37.28,24,13.0474,0.349985,30,subprocess
2026-04-06T19:38:54Z,baseline,37.11,25,13.0141,0.350689,30,subprocess
2026-04-06T19:38:57Z,treatment,37.00,25,13.0269,0.352078,30,subprocess
2026-04-06T19:39:24Z,baseline,36.92,25,13.0257,0.352808,30,subprocess
2026-04-06T19:39:26Z,treatment,36.98,26,12.9320,0.349702,30,subprocess
2026-04-06T19:39:53Z,baseline,37.50,25,13.0705,0.348548,30,subprocess
2026-04-06T19:39:56Z,treatment,37.33,24,13.1890,0.353308,30,subprocess
2026-04-06T19:40:23Z,baseline,37.92,24,12.8774,0.339594,30,subprocess
2026-04-06T19:40:25Z,treatment,37.88,26,12.7516,0.336632,30,subprocess
2026-04-06T19:40:53Z,baseline,38.00,24,13.2080,0.347580,30,subprocess
2026-04-06T19:40:55Z,treatment,38.09,25,13.0527,0.342682,30,subprocess
2026-04-06T19:41:22Z,baseline,38.46,25,13.0255,0.338677,30,subprocess
2026-04-06T19:41:25Z,treatment,38.25,25,13.0289,0.340625,30,subprocess
2026-04-06T19:41:52Z,baseline,38.29,23,13.0486,0.340785,30,subprocess
2026-04-06T19:41:54Z,treatment,38.39,25,13.0327,0.339481,30,subprocess
2026-04-06T19:42:21Z,baseline,38.61,24,13.1366,0.340240,30,subprocess
2026-04-06T19:42:24Z,treatment,38.59,26,12.9589,0.335810,30,subprocess
2026-04-06T19:42:51Z,baseline,38.66,24,13.0850,0.338464,30,subprocess
2026-04-06T19:42:53Z,treatment,38.76,24,13.0979,0.337923,30,subprocess
2026-04-06T19:43:20Z,baseline,39.01,25,13.1085,0.336029,30,subprocess
2026-04-06T19:43:23Z,treatment,39.18,25,12.8828,0.328809,30,subprocess
2026-04-06T19:43:50Z,baseline,39.23,24,12.7887,0.325992,30,subprocess
2026-04-06T19:43:52Z,treatment,39.29,25,13.0478,0.332089,30,subprocess
2026-04-06T19:44:19Z,baseline,39.15,24,13.0743,0.333954,30,subprocess
2026-04-06T19:44:22Z,treatment,39.42,24,12.9651,0.328896,30,subprocess
2026-04-06T19:44:49Z,baseline,39.53,21,12.8883,0.326039,30,subprocess
2026-04-06T19:44:51Z,treatment,39.31,27,12.9934,0.330538,30,subprocess
2026-04-06T19:45:19Z,baseline,39.39,23,13.0256,0.330682,30,subprocess
2026-04-06T19:45:21Z,treatment,39.42,25,13.0851,0.331940,30,subprocess
2026-04-06T19:45:48Z,baseline,39.52,24,12.8828,0.325983,30,subprocess
2026-04-06T19:45:51Z,treatment,39.43,24,13.1162,0.332646,30,subprocess
2026-04-06T19:46:19Z,baseline,40.12,23,11.2482,0.280364,30,subprocess
2026-04-06T19:46:21Z,treatment,40.33,23,11.2226,0.278269,30,subprocess
2026-04-06T19:46:49Z,baseline,39.91,24,13.1358,0.329136,30,subprocess
2026-04-06T19:46:51Z,treatment,39.87,25,12.9963,0.325967,30,subprocess
2026-04-06T19:47:19Z,baseline,39.99,27,12.7602,0.319084,30,subprocess
2026-04-06T19:47:21Z,treatment,39.83,24,12.6897,0.318597,30,subprocess
2026-04-06T19:47:49Z,baseline,39.71,25,13.0049,0.327496,30,subprocess
2026-04-06T19:47:51Z,treatment,40.04,25,12.7227,0.317749,30,subprocess
2026-04-06T19:48:18Z,baseline,39.17,25,13.0021,0.331940,30,subprocess
2026-04-06T19:48:21Z,treatment,38.85,24,12.8589,0.330988,30,subprocess
2026-04-06T19:48:48Z,baseline,38.21,24,13.1478,0.344092,30,subprocess
2026-04-06T19:48:50Z,treatment,38.22,24,13.0276,0.340859,30,subprocess
2026-04-06T19:49:17Z,baseline,38.07,24,13.0387,0.342493,30,subprocess
2026-04-06T19:49:20Z,treatment,37.78,25,13.0964,0.346650,30,subprocess
2026-04-06T19:49:47Z,baseline,37.63,24,12.9815,0.344977,30,subprocess
2026-04-06T19:49:49Z,treatment,37.61,24,12.9490,0.344296,30,subprocess
2026-04-06T19:50:17Z,baseline,37.39,24,13.0160,0.348114,30,subprocess
2026-04-06T19:50:19Z,treatment,37.26,24,13.0788,0.351014,30,subprocess
2026-04-06T19:50:46Z,baseline,37.32,24,12.8982,0.345611,30,subprocess
2026-04-06T19:50:49Z,treatment,37.26,24,13.0052,0.349039,30,subprocess
2026-04-06T19:51:16Z,baseline,37.42,24,13.0141,0.347786,30,subprocess
2026-04-06T19:51:18Z,treatment,37.37,24,13.0652,0.349617,30,subprocess
2026-04-06T19:51:45Z,baseline,37.40,22,13.0107,0.347880,30,subprocess
2026-04-06T19:51:48Z,treatment,37.22,22,12.7919,0.343684,30,subprocess
2026-04-06T19:52:15Z,baseline,37.23,23,12.8882,0.346177,30,subprocess
2026-04-06T19:52:18Z,treatment,37.26,27,13.0565,0.350415,30,subprocess
2026-04-06T19:52:45Z,baseline,37.09,25,13.1576,0.354749,30,subprocess
2026-04-06T19:52:47Z,treatment,36.95,24,13.0169,0.352285,30,subprocess
2026-04-06T19:53:14Z,baseline,37.00,24,12.9229,0.349266,30,subprocess
2026-04-06T19:53:17Z,treatment,37.13,26,12.9202,0.347972,30,subprocess
2026-04-06T19:53:44Z,baseline,38.32,24,12.6323,0.329654,30,subprocess
2026-04-06T19:53:47Z,treatment,37.57,25,12.9249,0.344021,30,subprocess
2026-04-06T19:54:14Z,baseline,37.77,25,13.0027,0.344261,30,subprocess
2026-04-06T19:54:16Z,treatment,37.85,26,13.1243,0.346744,30,subprocess
2026-04-06T19:54:43Z,baseline,38.07,24,13.0926,0.343909,30,subprocess
2026-04-06T19:54:46Z,treatment,38.17,24,12.7350,0.333639,30,subprocess
2026-04-06T19:55:13Z,baseline,38.53,25,12.9741,0.336728,30,subprocess
2026-04-06T19:55:15Z,treatment,38.54,25,13.0319,0.338139,30,subprocess
2026-04-06T19:55:43Z,baseline,38.64,24,12.9982,0.336394,30,subprocess
2026-04-06T19:55:45Z,treatment,38.68,21,12.6578,0.327243,30,subprocess
2026-04-06T19:56:13Z,baseline,39.25,25,10.8895,0.277440,30,subprocess
2026-04-06T19:56:16Z,treatment,39.10,24,11.1836,0.286025,30,subprocess
2026-04-06T19:56:44Z,baseline,38.86,25,13.1261,0.337778,30,subprocess
2026-04-06T19:56:46Z,treatment,39.24,24,12.9205,0.329269,30,subprocess
2026-04-06T19:57:14Z,baseline,39.19,25,12.7696,0.325838,30,subprocess
2026-04-06T19:57:16Z,treatment,39.36,26,12.9843,0.329886,30,subprocess
2026-04-06T19:57:43Z,baseline,39.34,24,12.7816,0.324900,30,subprocess
2026-04-06T19:57:46Z,treatment,39.23,25,12.6462,0.322360,30,subprocess
2026-04-06T19:58:13Z,baseline,39.41,25,12.7732,0.324110,30,subprocess
2026-04-06T19:58:16Z,treatment,39.64,25,13.1238,0.331075,30,subprocess
2026-04-06T19:58:43Z,baseline,39.54,24,13.1014,0.331345,30,subprocess
2026-04-06T19:58:45Z,treatment,39.38,25,13.0640,0.331742,30,subprocess
2026-04-06T19:59:12Z,baseline,39.44,24,13.1344,0.333022,30,subprocess
2026-04-06T19:59:15Z,treatment,39.63,21,12.8305,0.323757,30,subprocess
2026-04-06T19:59:42Z,baseline,39.50,24,13.0586,0.330598,30,subprocess
2026-04-06T19:59:44Z,treatment,39.46,25,12.7813,0.323905,30,subprocess
2026-04-06T20:00:11Z,baseline,39.60,24,13.1192,0.331292,30,subprocess
2026-04-06T20:00:14Z,treatment,39.55,25,13.0256,0.329344,30,subprocess
2026-04-06T20:00:41Z,baseline,40.16,24,12.3270,0.306948,30,subprocess
2026-04-06T20:00:44Z,treatment,39.94,26,13.0257,0.326132,30,subprocess
2026-04-06T20:01:11Z,baseline,39.66,24,12.4430,0.313742,30,subprocess
2026-04-06T20:01:13Z,treatment,39.84,25,13.0181,0.326759,30,subprocess
2026-04-06T20:01:41Z,baseline,40.36,24,13.0393,0.323074,30,subprocess
2026-04-06T20:01:43Z,treatment,40.10,24,12.9438,0.322788,30,subprocess
2026-04-06T20:02:10Z,baseline,39.18,24,13.0275,0.332503,30,subprocess
2026-04-06T20:02:13Z,treatment,39.20,28,12.8835,0.328660,30,subprocess
2026-04-06T20:02:40Z,baseline,38.27,27,13.1126,0.342634,30,subprocess
2026-04-06T20:02:42Z,treatment,38.43,27,12.7107,0.330749,30,subprocess
2026-04-06T20:03:09Z,baseline,38.03,25,13.1413,0.345550,30,subprocess
2026-04-06T20:03:12Z,treatment,37.73,25,13.1178,0.347675,30,subprocess
2026-04-06T20:03:39Z,baseline,37.74,25,12.5707,0.333086,30,subprocess
2026-04-06T20:03:41Z,treatment,37.65,21,12.9327,0.343497,30,subprocess
2026-04-06T20:04:09Z,baseline,37.44,24,13.0904,0.349637,30,subprocess
2026-04-06T20:04:11Z,treatment,37.49,25,12.9867,0.346403,30,subprocess
2026-04-06T20:04:38Z,baseline,37.11,24,13.0720,0.352250,30,subprocess
2026-04-06T20:04:41Z,treatment,37.41,24,12.9172,0.345289,30,subprocess
2026-04-06T20:05:09Z,baseline,37.91,25,11.0560,0.291639,30,subprocess
2026-04-06T20:05:11Z,treatment,37.62,24,11.3088,0.300605,30,subprocess
2026-04-06T20:05:40Z,baseline,37.83,27,11.2685,0.297873,30,subprocess
2026-04-06T20:05:43Z,treatment,37.75,25,11.2805,0.298822,30,subprocess
2026-04-06T20:06:11Z,baseline,37.85,26,10.9336,0.288867,30,subprocess
2026-04-06T20:06:14Z,treatment,37.78,24,11.2244,0.297099,30,subprocess
2026-04-06T20:06:42Z,baseline,37.65,21,11.3498,0.301456,30,subprocess
2026-04-06T20:06:45Z,treatment,37.69,23,11.1649,0.296230,30,subprocess
2026-04-06T20:07:14Z,baseline,37.30,25,12.9130,0.346194,30,subprocess
2026-04-06T20:07:16Z,treatment,37.18,24,12.8094,0.344525,30,subprocess
2026-04-06T20:07:44Z,baseline,37.73,24,12.8848,0.341499,30,subprocess
2026-04-06T20:07:46Z,treatment,37.78,26,12.9349,0.342375,30,subprocess
2026-04-06T20:08:13Z,baseline,37.87,24,13.1324,0.346776,30,subprocess
2026-04-06T20:08:16Z,treatment,38.41,24,12.8253,0.333905,30,subprocess
2026-04-06T20:08:43Z,baseline,38.43,25,13.0549,0.339706,30,subprocess
2026-04-06T20:08:45Z,treatment,38.53,24,13.1608,0.341574,30,subprocess
2026-04-06T20:09:12Z,baseline,38.50,24,13.0234,0.338271,30,subprocess
2026-04-06T20:09:15Z,treatment,38.66,24,13.0225,0.336846,30,subprocess
2026-04-06T20:09:42Z,baseline,38.53,25,13.1046,0.340114,30,subprocess
2026-04-06T20:09:44Z,treatment,38.73,24,12.9645,0.334740,30,subprocess
2026-04-06T20:10:11Z,baseline,38.81,27,13.0124,0.335284,30,subprocess
2026-04-06T20:10:14Z,treatment,39.05,24,12.9333,0.331198,30,subprocess
2026-04-06T20:10:41Z,baseline,39.19,24,12.8338,0.327477,30,subprocess
2026-04-06T20:10:44Z,treatment,39.22,25,13.1305,0.334790,30,subprocess
2026-04-06T20:11:11Z,baseline,39.40,24,12.5748,0.319156,30,subprocess
2026-04-06T20:11:14Z,treatment,39.48,26,12.9302,0.327512,30,subprocess
2026-04-06T20:11:41Z,baseline,39.39,22,13.0075,0.330222,30,subprocess
2026-04-06T20:11:43Z,treatment,39.50,25,12.8028,0.324121,30,subprocess
2026-04-06T20:12:10Z,baseline,39.45,24,12.2651,0.310902,30,subprocess
2026-04-06T20:12:13Z,treatment,39.57,21,12.9391,0.326993,30,subprocess
2026-04-06T20:12:40Z,baseline,39.34,26,12.7434,0.323931,30,subprocess
2026-04-06T20:12:43Z,treatment,39.70,25,12.8294,0.323160,30,subprocess
2026-04-06T20:13:10Z,baseline,39.58,25,13.1163,0.331386,30,subprocess
2026-04-06T20:13:12Z,treatment,39.67,26,13.1215,0.330766,30,subprocess
2026-04-06T20:13:39Z,baseline,39.89,25,12.7651,0.320009,30,subprocess
2026-04-06T20:13:42Z,treatment,39.82,25,12.7538,0.320286,30,subprocess
2026-04-06T20:14:09Z,baseline,39.59,24,13.3345,0.336815,30,subprocess
2026-04-06T20:14:11Z,treatment,39.72,26,13.2315,0.333120,30,subprocess
2026-04-06T20:14:38Z,baseline,39.97,25,12.9394,0.323727,30,subprocess
2026-04-06T20:14:41Z,treatment,40.23,25,13.0571,0.324562,30,subprocess
2026-04-06T20:15:08Z,baseline,38.40,27,12.9594,0.337485,30,subprocess
2026-04-06T20:15:10Z,treatment,38.44,23,13.0200,0.338710,30,subprocess
2026-04-06T20:15:37Z,baseline,37.55,23,12.9860,0.345833,30,subprocess
2026-04-06T20:15:40Z,treatment,37.07,23,13.1257,0.354078,30,subprocess
2026-04-06T20:16:08Z,baseline,37.57,23,10.5692,0.281320,30,subprocess
2026-04-06T20:16:11Z,treatment,37.66,24,10.1928,0.270653,30,subprocess
2026-04-06T20:16:40Z,baseline,36.89,23,11.1300,0.301707,30,subprocess
2026-04-06T20:16:43Z,treatment,36.12,23,12.6313,0.349702,30,subprocess
2026-04-06T20:17:11Z,baseline,36.82,23,9.8184,0.266659,30,subprocess
2026-04-06T20:17:14Z,treatment,36.19,23,12.2994,0.339855,30,subprocess
2026-04-06T20:17:41Z,baseline,36.22,23,12.1008,0.334092,30,subprocess
2026-04-06T20:17:44Z,treatment,35.95,23,11.9568,0.332596,30,subprocess
2026-04-06T20:18:11Z,baseline,36.29,24,11.7278,0.323170,30,subprocess
2026-04-06T20:18:14Z,treatment,36.09,23,12.9305,0.358286,30,subprocess
2026-04-06T20:18:41Z,baseline,35.97,23,12.6972,0.352994,30,subprocess
2026-04-06T20:18:44Z,treatment,35.98,22,12.9728,0.360557,30,subprocess
2026-04-06T20:19:11Z,baseline,36.55,24,11.9955,0.328195,30,subprocess
2026-04-06T20:19:14Z,treatment,37.05,23,9.4733,0.255689,30,subprocess
2026-04-06T20:19:43Z,baseline,35.99,28,11.9254,0.331354,30,subprocess
2026-04-06T20:19:46Z,treatment,36.24,23,12.4593,0.343799,30,subprocess
2026-04-06T20:20:14Z,baseline,35.67,25,12.7104,0.356332,30,subprocess
2026-04-06T20:20:16Z,treatment,37.13,27,12.2035,0.328670,30,subprocess
2026-04-06T20:20:45Z,baseline,36.19,23,12.1890,0.336805,30,subprocess
2026-04-06T20:20:47Z,treatment,36.71,23,10.5544,0.287507,30,subprocess
2026-04-06T20:21:16Z,baseline,36.57,25,12.0820,0.330380,30,subprocess
2026-04-06T20:21:19Z,treatment,36.40,26,12.5815,0.345645,30,subprocess
2026-04-06T20:21:47Z,baseline,36.87,25,12.4243,0.336975,30,subprocess
2026-04-06T20:21:49Z,treatment,36.42,22,12.2715,0.336944,30,subprocess
2026-04-06T20:22:17Z,baseline,37.79,21,12.4101,0.328396,30,subprocess
2026-04-06T20:22:20Z,treatment,37.13,26,12.5172,0.337119,30,subprocess
2026-04-06T20:22:47Z,baseline,37.14,22,11.1512,0.300249,30,subprocess
2026-04-06T20:22:50Z,treatment,37.26,24,12.5048,0.335610,30,subprocess
2026-04-06T20:23:17Z,baseline,37.46,22,11.8594,0.316588,30,subprocess
2026-04-06T20:23:20Z,treatment,37.30,23,12.4269,0.333162,30,subprocess
2026-04-06T20:23:48Z,baseline,37.53,24,11.8842,0.316659,30,subprocess
2026-04-06T20:23:51Z,treatment,37.27,25,12.4664,0.334488,30,subprocess
2026-04-06T20:24:18Z,baseline,38.22,24,10.1040,0.264364,30,subprocess
2026-04-06T20:24:21Z,treatment,37.59,26,12.2908,0.326969,30,subprocess
2026-04-06T20:24:50Z,baseline,37.54,28,12.4401,0.331384,30,subprocess
2026-04-06T20:24:52Z,treatment,37.68,24,12.0676,0.320265,30,subprocess
2026-04-06T20:25:20Z,baseline,37.57,24,12.6069,0.335558,30,subprocess
2026-04-06T20:25:23Z,treatment,37.90,21,11.4757,0.302788,30,subprocess
2026-04-06T20:25:51Z,baseline,38.07,24,11.9816,0.314725,30,subprocess
2026-04-06T20:25:53Z,treatment,38.03,23,10.0862,0.265217,30,subprocess
2026-04-06T20:26:22Z,baseline,38.16,24,11.9254,0.312511,30,subprocess
2026-04-06T20:26:25Z,treatment,38.91,24,9.0036,0.231395,30,subprocess
2026-04-06T20:26:55Z,baseline,38.06,21,11.5810,0.304283,30,subprocess
2026-04-06T20:26:57Z,treatment,38.87,24,8.7391,0.224829,30,subprocess
2026-04-06T20:27:27Z,baseline,38.33,28,12.3655,0.322607,30,subprocess
2026-04-06T20:27:29Z,treatment,37.96,28,9.1321,0.240572,30,subprocess
2026-04-06T20:27:58Z,baseline,38.85,23,11.9117,0.306608,30,subprocess
2026-04-06T20:28:01Z,treatment,43.24,28,9.8292,0.227316,30,subprocess
2026-04-06T20:28:30Z,baseline,38.88,25,10.0912,0.259546,30,subprocess
2026-04-06T20:28:33Z,treatment,39.89,26,10.6065,0.265892,30,subprocess
2026-04-06T20:29:01Z,baseline,42.70,23,11.6162,0.272043,30,subprocess
2026-04-06T20:29:04Z,treatment,38.76,21,11.9497,0.308301,30,subprocess
2026-04-06T20:29:32Z,baseline,38.40,25,8.9863,0.234018,30,subprocess
2026-04-06T20:29:36Z,treatment,38.24,23,10.8879,0.284725,30,subprocess
2026-04-06T20:30:31Z,baseline,38.50,25,11.5555,0.300142,30,subprocess
2026-04-06T20:30:34Z,treatment,38.16,23,9.8618,0.258433,30,subprocess
